Rk,Player,Age,Team,Pos,G,GS,MP,PER,TS%,3PAr,FTr,ORB%,DRB%,TRB%,AST%,STL%,BLK%,TOV%,USG%,OWS,DWS,WS,WS/48,OBPM,DBPM,BPM,VORP,Awards,Player-additional
1,Amen Thompson,23,HOU,PG,65,65,2411,18.3,.581,.122,.372,8.8,14.2,11.5,20.8,2.0,1.5,14.2,20.2,4.7,3.0,7.7,.152,1.3,0.9,2.2,2.6,,thompam01
2,Kevin Durant,37,HOU,SF,64,64,2335,20.7,.633,.319,.332,1.7,14.8,8.4,19.5,1.1,2.3,13.6,27.2,5.8,2.6,8.3,.171,3.9,0.1,4.0,3.5,AS,duranke01
3,Tyrese Maxey,25,PHI,PG,61,61,2334,22.6,.589,.406,.279,0.8,11.2,5.9,29.7,2.6,2.0,9.0,29.9,5.6,2.5,8.0,.166,5.3,0.6,5.8,4.6,AS,maxeyty01
4,Toumani Camara,25,POR,PF,69,69,2304,10.4,.555,.661,.159,5.2,12.2,8.6,10.9,1.5,1.2,14.1,16.2,1.0,1.9,2.9,.060,-1.6,-0.3,-2.0,0.0,,camarto01
5,Mikal Bridges,29,NYK,SF,69,69,2302,15.7,.584,.431,.100,3.4,10.2,6.8,16.3,2.1,2.5,7.6,17.5,4.1,3.0,7.1,.147,1.5,1.6,3.1,3.0,,bridgmi01
6,Desmond Bane,27,ORL,SG,67,67,2294,17.2,.608,.346,.270,3.9,9.5,6.7,19.5,1.4,1.2,10.6,23.4,4.3,2.1,6.4,.134,1.7,-0.3,1.4,1.9,,banede01
7,Julius Randle,31,MIN,PF,68,68,2249,18.9,.588,.295,.399,5.8,17.0,11.5,23.4,1.5,0.7,12.9,26.3,4.3,2.5,6.7,.144,1.7,-0.2,1.5,2.0,,randlju01
8,Jalen Brunson,29,NYK,PG,64,64,2231,20.3,.581,.367,.292,1.4,9.5,5.4,30.7,1.1,0.4,9.4,30.5,5.8,2.0,7.7,.166,4.2,-1.0,3.2,2.9,AS,brunsja01
9,Scottie Barnes,24,TOR,PF,65,65,2230,18.9,.573,.205,.263,6.6,19.3,12.9,23.7,1.9,4.4,13.9,23.6,2.5,3.6,6.1,.132,1.4,2.0,3.5,3.1,AS,barnesc01
10,Derrick White,31,BOS,SG,65,65,2228,17.1,.531,.577,.188,3.6,10.6,7.1,23.7,1.7,4.2,9.8,23.1,3.4,2.9,6.4,.137,2.8,0.9,3.8,3.3,,whitede01
11,Brandon Ingram,28,TOR,SF,65,65,2222,16.4,.566,.281,.269,2.6,16.1,9.3,17.3,1.1,2.0,11.3,27.3,1.2,2.6,3.7,.081,1.0,-0.6,0.4,1.4,AS,ingrabr01
12,Jamal Murray,28,DEN,PG,63,63,2205,22.0,.613,.399,.289,1.4,12.1,7.0,32.2,1.3,1.0,10.1,28.7,6.2,1.4,7.6,.165,5.4,-1.5,3.9,3.3,AS,murraja01
13,Jabari Smith Jr.,22,HOU,PF,63,63,2199,13.9,.573,.488,.212,4.8,16.7,10.8,7.3,1.2,2.5,8.8,17.8,3.0,2.6,5.6,.123,-0.4,0.0,-0.4,0.9,,smithja05
14,DeMar DeRozan,36,SAC,PF,68,68,2167,18.0,.597,.149,.442,1.5,9.2,5.3,19.3,1.7,0.9,7.3,22.7,4.8,0.6,5.3,.118,0.9,-0.7,0.2,1.2,,derozde01
15,Nickeil Alexander-Walker,27,ATL,SG,65,58,2165,15.5,.592,.528,.249,2.0,9.4,5.6,16.1,1.8,1.5,11.2,24.2,2.1,2.1,4.1,.092,0.8,-0.7,0.1,1.1,,alexani01
16,Payton Pritchard,28,BOS,PG,66,49,2153,16.9,.572,.516,.127,2.9,10.7,6.9,24.0,1.2,0.4,8.3,21.1,4.9,2.0,6.9,.155,2.2,-0.3,1.8,2.1,,pritcpa01
17,Jalen Johnson,24,ATL,SF,61,61,2150,21.3,.585,.266,.323,4.4,27.8,16.0,35.0,1.8,1.2,14.6,27.1,3.5,3.2,6.7,.151,3.2,1.4,4.6,3.6,AS,johnsja05
18,Kon Knueppel,20,CHO,SF,67,66,2141,17.9,.652,.597,.218,4.4,14.3,9.4,16.7,1.1,0.7,12.1,22.2,5.2,1.8,7.0,.158,3.7,-0.5,3.3,2.8,,knuepko01
19,VJ Edgecombe,20,PHI,SG,61,61,2136,13.2,.531,.423,.185,5.1,12.6,8.8,16.1,2.0,1.5,11.5,19.7,1.1,2.0,3.1,.069,-0.9,-0.2,-1.0,0.5,,edgecvj01
20,Dyson Daniels,22,ATL,SG,64,64,2132,14.9,.530,.143,.160,7.4,14.4,10.8,24.5,2.7,1.1,14.2,15.8,2.2,2.8,5.0,.114,-1.0,1.6,0.6,1.4,,daniedy01
21,Trey Murphy III,25,NOP,SF,60,60,2122,18.8,.616,.530,.236,3.1,14.3,8.6,16.9,2.1,0.9,9.4,23.1,4.4,1.4,5.8,.132,3.3,-0.7,2.7,2.5,,murphtr02
22,Donte DiVincenzo,29,MIN,SG,68,68,2101,13.4,.584,.763,.134,3.4,12.3,8.0,17.6,2.1,1.0,12.0,16.6,2.7,2.4,5.1,.116,0.5,0.7,1.2,1.7,,divindo01
23,Ryan Rollins,23,MIL,PG,65,58,2101,15.9,.580,.438,.146,2.7,13.2,8.0,26.5,2.3,1.3,15.4,23.4,1.5,1.7,3.2,.073,0.4,-0.4,0.1,1.1,,rolliry01
24,Cade Cunningham,24,DET,PG,60,60,2090,22.0,.566,.308,.330,2.8,15.0,9.0,45.1,2.1,2.5,14.6,30.5,4.4,3.4,7.8,.179,5.0,1.4,6.4,4.4,AS,cunnica01
25,Jaden McDaniels,25,MIN,PF,66,66,2089,13.8,.620,.314,.230,3.7,10.9,7.4,12.3,1.6,2.7,13.8,18.1,2.4,2.2,4.6,.107,-0.9,0.4,-0.6,0.8,,mcdanja02
26,Immanuel Quickley,26,TOR,PG,64,64,2088,16.7,.580,.524,.240,1.9,12.5,7.1,26.8,1.9,0.2,9.5,21.4,3.8,2.3,6.1,.140,1.9,0.3,2.2,2.2,,quickim01
27,Jaylen Brown,29,BOS,SF,61,61,2080,22.3,.572,.263,.336,3.7,18.8,11.3,26.5,1.5,1.3,12.6,36.2,3.1,2.8,6.0,.137,3.7,-0.1,3.5,2.9,AS,brownja02
28,Anthony Edwards,24,MIN,SG,58,58,2061,22.4,.621,.418,.359,1.9,13.7,7.9,17.4,1.9,2.1,10.7,31.6,4.2,2.4,6.7,.155,5.0,-0.2,4.8,3.5,AS,edwaran01
29,Rudy Gobert,33,MIN,C,65,65,2042,17.5,.679,.010,.681,13.6,25.7,19.8,7.6,1.2,4.4,14.7,12.5,4.3,3.2,7.5,.176,0.1,0.8,0.9,1.5,,goberru01
30,James Harden,36,2TM,PG,58,58,2027,20.9,.606,.508,.471,2.1,13.7,8.0,35.7,1.6,1.0,15.5,29.4,4.6,1.6,6.2,.147,4.7,-0.9,3.8,2.9,,hardeja01
30,James Harden,36,LAC,PG,44,44,1559,21.8,.598,.505,.485,2.1,13.4,7.9,36.7,1.8,1.0,14.8,31.2,3.6,1.2,4.8,.148,4.8,-1.0,3.8,2.3,,hardeja01
30,James Harden,36,CLE,PG,14,14,468,18.0,.644,.525,.408,2.1,14.8,8.4,32.4,0.8,1.2,18.8,23.3,1.0,0.4,1.4,.144,4.2,-0.6,3.6,0.7,,hardeja01
31,Donovan Mitchell,29,CLE,SG,60,60,2009,23.2,.611,.454,.297,2.4,12.1,7.2,29.3,2.2,0.8,11.3,32.6,5.0,2.2,7.2,.173,5.5,-0.1,5.4,3.8,AS,mitchdo01
32,Miles Bridges,27,CHO,PF,63,63,2002,15.7,.561,.442,.246,3.5,17.0,10.3,16.4,0.9,1.3,8.7,22.8,3.0,1.9,4.9,.117,1.1,-0.5,0.6,1.3,,bridgmi02
33,Luka Dončić,26,LAL,PG,56,56,2001,27.7,.613,.474,.450,2.1,23.3,13.0,41.0,2.1,1.5,13.0,37.5,5.8,2.4,8.3,.198,7.8,1.3,9.1,5.6,AS,doncilu01
34,Karl-Anthony Towns,30,NYK,C,64,64,1999,21.4,.614,.308,.409,10.7,31.4,21.0,14.0,1.4,1.9,13.3,25.6,4.5,3.5,8.0,.191,2.3,0.5,2.8,2.4,AS,townska01
35,Paolo Banchero,23,ORL,PF,57,57,1993,17.8,.567,.237,.506,3.5,23.8,13.6,22.4,0.8,1.6,13.0,27.3,1.8,2.4,4.2,.101,1.4,0.0,1.4,1.7,,banchpa01
36,Royce O'Neale,32,PHO,SF,68,63,1978,11.4,.586,.826,.053,2.7,16.3,9.3,13.2,1.9,1.3,14.0,14.4,1.5,2.3,3.8,.092,-0.5,0.8,0.4,1.2,,onealro01
37,Onyeka Okongwu,25,ATL,C,62,51,1946,16.3,.596,.441,.226,6.2,20.7,13.4,14.4,1.7,3.2,11.9,20.0,2.2,2.8,5.0,.123,0.0,0.7,0.7,1.4,,okongon01
38,Naji Marshall,28,DAL,SF,66,39,1945,16.0,.609,.262,.380,3.4,13.6,8.6,16.2,1.6,0.3,11.0,20.1,2.8,1.7,4.6,.113,-0.2,0.2,0.0,1.0,,marshna01
39,Matas Buzelis,21,CHI,PF,67,67,1940,15.2,.593,.505,.250,3.9,16.6,10.3,10.6,1.1,4.5,12.7,22.6,0.8,1.8,2.7,.066,-0.4,-0.3,-0.7,0.6,,buzelma01
40,Alperen Şengün,23,HOU,C,58,58,1938,20.7,.554,.114,.347,10.1,19.4,14.8,28.5,1.9,3.0,15.5,27.1,2.8,2.9,5.7,.141,2.2,1.3,3.5,2.6,AS,sengual01
41,Collin Gillespie,26,PHO,PG,67,48,1927,15.9,.587,.675,.107,4.1,12.4,8.1,23.9,2.2,0.7,12.8,18.9,3.3,2.1,5.4,.135,2.3,0.6,2.9,2.4,,gilleco01
42,Saddiq Bey,26,NOP,SF,62,54,1916,17.1,.574,.427,.320,5.8,14.3,10.0,11.9,1.4,0.2,5.7,21.4,3.8,0.9,4.7,.118,2.1,-1.8,0.3,1.1,,beysa01
43,Brandin Podziemski,22,GSW,SG,68,29,1914,14.3,.566,.470,.244,3.6,17.0,10.2,19.4,1.9,0.6,12.0,19.6,1.9,2.1,4.0,.099,-0.2,0.1,-0.1,0.9,,podzibr01
44,Cooper Flagg,19,DAL,SF,57,57,1912,17.2,.546,.209,.277,3.7,16.8,10.4,21.1,1.6,2.2,11.0,26.0,0.9,2.2,3.0,.077,0.6,0.5,1.1,1.5,,flaggco01
45,Bam Adebayo,28,MIA,C,60,60,1911,18.5,.551,.339,.361,6.7,24.8,15.7,13.1,1.7,2.0,8.8,25.4,2.0,3.2,5.2,.130,1.3,0.6,1.9,1.9,,adebaba01
46,Wendell Carter Jr.,26,ORL,C,64,64,1896,14.4,.613,.372,.346,8.0,20.4,14.2,10.0,1.3,2.0,11.4,15.5,2.9,2.4,5.3,.135,-0.8,0.6,-0.2,0.8,,cartewe01
47,Julian Champagnie,24,SAS,SF,68,54,1892,13.0,.608,.753,.213,3.6,18.6,11.3,7.1,1.4,1.4,9.0,15.2,2.3,2.8,5.0,.127,0.5,0.8,1.3,1.6,,champju02
48,Max Christie,22,DAL,SG,64,55,1887,11.4,.607,.603,.178,0.8,11.0,6.0,9.8,0.9,0.9,10.7,16.6,1.4,1.3,2.6,.067,-0.7,-0.5,-1.2,0.4,,chrisma02
49,Shai Gilgeous-Alexander,27,OKC,PG,56,56,1881,31.3,.665,.228,.462,1.8,12.3,7.2,35.6,2.0,2.4,8.2,33.4,9.5,3.4,12.9,.330,9.0,3.0,12.0,6.6,AS,gilgesh01
50,CJ McCollum,34,2TM,PG,63,47,1880,15.3,.561,.449,.216,2.8,9.7,6.2,18.6,1.2,1.1,9.7,25.6,1.4,0.6,2.0,.051,1.0,-2.1,-1.2,0.4,,mccolcj01
50,CJ McCollum,34,WAS,SG,35,35,1082,15.3,.573,.461,.193,2.2,10.1,6.1,18.2,1.1,0.7,9.2,24.4,1.1,-0.1,1.1,.048,1.2,-2.7,-1.5,0.1,,mccolcj01
50,CJ McCollum,34,ATL,PG,28,12,798,15.3,.547,.434,.244,3.6,9.2,6.3,19.2,1.4,1.7,10.4,27.2,0.2,0.7,0.9,.056,0.6,-1.3,-0.7,0.3,,mccolcj01
51,Kris Dunn,31,LAC,PG,68,62,1870,11.8,.592,.440,.182,3.2,10.7,7.1,18.3,2.8,0.5,17.2,12.7,1.7,1.8,3.5,.090,-2.1,1.3,-0.8,0.6,,dunnkr01
52,Quentin Grimes,25,PHI,SG,62,15,1862,13.1,.588,.534,.333,2.3,11.3,6.8,16.1,1.5,1.2,14.0,18.8,1.7,1.4,3.1,.080,-0.8,-0.6,-1.4,0.3,,grimequ01
53,De'Aaron Fox,28,SAS,PG,59,59,1862,18.0,.584,.379,.247,2.1,10.4,6.3,30.1,1.8,0.8,12.3,24.8,3.1,2.4,5.5,.142,1.9,0.5,2.5,2.1,AS,foxde01
54,Pascal Siakam,31,IND,PF,55,55,1844,18.8,.563,.260,.336,4.7,17.3,10.8,20.5,1.6,1.1,9.3,29.6,1.3,1.4,2.7,.070,2.2,-0.9,1.3,1.5,AS,siakapa01
55,Anthony Black,22,ORL,PG,60,40,1841,13.9,.552,.385,.292,2.6,11.4,7.0,18.6,2.3,2.0,13.1,22.0,0.4,2.3,2.8,.072,-1.1,0.6,-0.5,0.7,,blackan01
56,Bub Carrington,20,WAS,PG,67,33,1828,9.3,.535,.577,.153,1.8,12.4,7.0,22.7,1.1,0.7,20.1,17.3,-0.6,0.1,-0.5,-0.013,-2.7,-2.1,-4.8,-1.3,,carrica01
57,A.J. Green,26,MIL,SG,63,59,1828,8.6,.616,.902,.088,1.0,8.4,4.7,8.7,0.8,0.3,9.8,13.4,1.3,0.4,1.7,.045,-2.0,-1.7,-3.7,-0.8,,greenaj01
58,OG Anunoby,28,NYK,PF,55,55,1822,15.8,.611,.477,.286,4.6,13.0,8.8,9.4,2.5,2.2,12.3,20.0,2.3,2.7,5.0,.132,0.7,1.2,1.9,1.8,,anunoog01
59,Tim Hardaway Jr.,33,DEN,SG,67,5,1820,13.8,.632,.694,.256,0.7,9.6,5.4,6.8,0.9,0.5,4.9,18.5,3.1,0.7,3.8,.101,1.4,-2.0,-0.6,0.6,,hardati02
60,Nikola Jokić,30,DEN,C,52,52,1811,33.5,.679,.273,.443,10.2,30.2,20.6,51.0,2.1,2.2,15.2,31.1,9.7,2.7,12.4,.328,10.6,4.2,14.8,7.6,AS,jokicni01
61,Jaime Jaquez Jr.,24,MIA,SF,63,1,1810,15.3,.560,.177,.261,4.7,14.0,9.3,23.8,1.3,0.9,13.4,22.0,1.6,2.1,3.7,.098,-0.2,0.4,0.2,1.0,,jaqueja01
62,Russell Westbrook,37,SAC,SF,62,56,1801,15.2,.530,.450,.215,4.7,16.8,10.6,34.1,2.2,0.5,18.5,26.1,-0.6,1.0,0.4,.012,0.6,-1.0,-0.4,0.7,,westbru01
63,Duncan Robinson,31,DET,SF,65,65,1794,12.0,.617,.780,.159,1.7,9.0,5.4,9.8,1.0,1.2,6.6,15.5,3.1,1.9,5.0,.134,0.6,-0.1,0.5,1.2,,robindu01
64,Keyonte George,22,UTA,PG,54,54,1786,18.8,.609,.410,.429,1.4,10.9,6.1,29.0,1.5,0.8,13.7,28.1,3.3,0.1,3.5,.093,3.0,-2.2,0.9,1.3,,georgke01
65,Cason Wallace,22,OKC,SG,65,54,1775,11.9,.526,.487,.114,3.5,8.9,6.3,13.2,3.7,1.2,11.0,14.7,0.6,3.6,4.2,.115,-2.3,3.2,0.9,1.3,,wallaca01
66,Deni Avdija,25,POR,SF,53,53,1771,20.2,.600,.384,.562,3.5,19.0,11.1,32.0,1.2,1.7,16.1,29.0,3.6,1.7,5.3,.144,3.8,0.3,4.1,2.7,AS,avdijde01
67,Andrew Wiggins,30,MIA,SF,57,57,1765,15.3,.579,.393,.190,5.8,11.1,8.5,12.7,1.7,3.0,10.4,20.0,1.8,2.3,4.1,.113,0.8,0.7,1.5,1.6,,wiggian01
68,Naz Reid,26,MIN,C,67,2,1752,16.0,.581,.527,.139,5.0,21.0,13.2,12.9,1.8,3.2,12.0,21.7,1.4,2.6,3.9,.108,0.5,0.8,1.3,1.5,,reidna01
69,Donovan Clingan,21,POR,C,64,64,1749,20.7,.604,.357,.324,17.7,28.2,22.9,11.8,1.0,5.1,10.7,16.5,4.4,2.6,7.0,.191,2.4,0.3,2.7,2.1,,clingdo01
70,Reed Sheppard,21,HOU,SG,67,10,1741,15.2,.559,.591,.103,1.4,10.4,5.9,18.0,2.8,2.3,11.4,22.0,2.0,2.4,4.4,.122,0.8,1.3,2.1,1.8,,sheppre01
71,Nic Claxton,26,BRK,C,61,60,1741,18.1,.594,.033,.413,9.8,19.6,14.5,22.4,1.2,3.8,11.8,17.5,3.4,1.4,4.7,.131,0.7,0.7,1.4,1.5,,claxtni01
72,Devin Booker,29,PHO,SG,52,52,1740,20.1,.583,.312,.428,2.5,11.0,6.6,30.0,1.3,0.9,13.1,32.2,3.5,1.4,4.9,.135,2.9,-1.1,1.8,1.7,AS,bookede01
73,Nikola Vučević,35,2TM,C,60,49,1740,18.1,.577,.331,.118,7.5,24.1,15.9,17.8,1.0,2.1,9.0,21.6,2.6,1.8,4.4,.122,1.6,0.0,1.6,1.6,,vucevni01
73,Nikola Vučević,35,CHI,C,48,48,1480,18.3,.585,.330,.112,7.3,23.5,15.5,18.8,1.0,1.8,9.1,21.6,2.3,1.4,3.7,.120,1.9,-0.1,1.8,1.4,,vucevni01
73,Nikola Vučević,35,BOS,C,12,1,260,17.1,.532,.336,.155,8.5,27.4,18.1,12.3,1.0,3.5,8.6,21.4,0.3,0.4,0.7,.137,-0.4,0.9,0.6,0.2,,vucevni01
74,Stephon Castle,21,SAS,PG,58,57,1737,17.0,.569,.296,.471,5.0,13.1,9.1,33.5,2.0,0.9,17.8,25.1,2.1,2.4,4.6,.126,0.6,0.8,1.4,1.5,,castlst01
75,Jeremiah Fears,19,NOP,PG,69,44,1732,12.6,.514,.294,.226,3.0,13.0,7.9,19.1,2.2,1.3,15.0,24.9,-1.2,1.2,-0.1,-0.002,-2.2,-1.4,-3.6,-0.7,,fearsje01
76,Jaylen Wells,22,MEM,SG,65,65,1731,11.7,.562,.519,.248,3.7,9.7,6.7,8.9,1.6,0.5,8.8,19.5,1.1,1.0,2.0,.056,-1.6,-1.3,-2.9,-0.4,,wellsja01
77,Myles Turner,29,MIL,C,63,63,1730,14.3,.587,.593,.268,4.5,17.4,11.1,7.9,1.2,5.6,10.0,18.6,1.3,1.7,3.0,.082,-0.5,-0.1,-0.6,0.6,,turnemy01
78,Evan Mobley,24,CLE,PF,53,51,1716,19.2,.586,.277,.345,7.7,22.0,14.8,16.5,1.2,5.4,11.4,22.4,2.6,2.5,5.1,.142,1.5,1.4,2.9,2.1,,mobleev01
79,Kawhi Leonard,34,LAC,SF,53,53,1713,28.2,.627,.348,.345,3.9,18.4,11.4,21.5,3.0,1.3,8.4,33.8,5.4,2.2,7.6,.214,7.4,0.8,8.2,4.4,AS,leonaka01
80,Jake LaRavia,24,LAL,PF,68,33,1704,12.4,.572,.473,.308,7.1,11.0,9.1,9.8,2.3,1.6,12.2,15.0,1.7,1.6,3.3,.092,-1.3,0.2,-1.1,0.4,,laravja01
81,Chet Holmgren,23,OKC,PF,58,58,1704,21.4,.648,.313,.354,7.4,25.2,16.6,8.8,0.9,6.3,10.5,22.0,3.7,3.9,7.6,.214,2.3,1.6,3.9,2.6,AS,holmgch01
82,Jarace Walker,22,IND,PF,67,32,1700,11.3,.535,.487,.259,2.8,19.7,11.0,13.8,1.6,1.2,14.4,20.5,-1.0,1.4,0.4,.012,-2.1,-0.7,-2.8,-0.3,,walkeja02
83,Derik Queen,21,NOP,C,68,45,1696,15.9,.551,.111,.356,7.0,23.2,15.0,22.1,1.8,3.5,18.2,21.3,0.6,1.9,2.4,.069,-1.3,0.7,-0.7,0.6,,queende01
84,Devin Vassell,25,SAS,SG,55,53,1692,13.1,.575,.569,.180,1.9,11.3,6.7,11.0,1.3,1.1,6.9,18.3,1.9,2.0,3.9,.111,0.2,0.1,0.4,1.0,,vassede01
85,Jaylon Tyson,23,CLE,SG,62,39,1691,14.8,.617,.452,.160,7.2,13.4,10.3,11.3,1.4,1.4,12.1,18.7,2.4,1.6,4.1,.115,0.7,-0.5,0.2,0.9,,tysonja01
86,Michael Porter Jr.,27,BRK,SF,52,52,1689,20.0,.595,.506,.237,4.5,21.5,12.6,18.1,1.6,0.7,10.3,30.4,2.0,1.2,3.2,.090,4.3,-1.3,3.0,2.1,,portemi01
87,Noah Clowney,21,BRK,PF,61,55,1688,11.4,.559,.626,.356,3.4,14.6,8.7,9.6,1.4,2.2,12.2,20.2,0.3,1.0,1.2,.035,-1.9,-1.3,-3.2,-0.5,,clownno01
88,Bruce Brown,29,DEN,SG,68,2,1687,10.4,.547,.273,.242,5.3,12.1,8.8,11.2,2.1,0.9,13.6,14.1,0.8,1.4,2.2,.063,-2.7,0.1,-2.7,-0.3,,brownbr01
89,Harrison Barnes,33,SAS,PF,63,49,1678,11.5,.594,.623,.216,3.7,8.0,5.9,9.9,1.2,0.6,9.4,14.9,2.0,1.7,3.7,.107,-0.3,0.0,-0.3,0.7,,barneha02
90,Kyle Kuzma,30,MIL,PF,62,37,1655,14.1,.581,.340,.275,3.6,15.8,9.8,14.8,1.2,1.4,12.6,21.5,1.0,1.0,2.0,.059,-1.0,-1.3,-2.3,-0.1,,kuzmaky01
91,Josh Hart,30,NYK,SF,55,41,1652,15.6,.592,.409,.204,5.5,22.7,14.0,22.9,1.8,1.0,16.4,16.8,2.4,2.5,4.9,.144,0.9,2.1,2.9,2.1,,hartjo01
92,Marcus Smart,31,LAL,SG,57,50,1632,10.0,.550,.614,.254,2.6,8.7,5.7,12.8,2.4,1.3,14.3,15.5,0.5,1.4,1.9,.055,-2.7,0.4,-2.2,-0.1,,smartma01
93,Rui Hachimura,27,LAL,PF,56,35,1630,11.1,.614,.461,.109,2.5,10.5,6.6,4.3,0.9,0.9,6.6,14.9,1.6,0.8,2.5,.073,-0.9,-1.6,-2.5,-0.2,,hachiru01
94,Andrew Nembhard,26,IND,PG,52,52,1621,15.5,.560,.387,.306,1.5,8.5,4.9,36.2,1.4,0.4,13.9,24.0,1.6,0.7,2.3,.068,1.0,-2.0,-1.1,0.4,,nembhan01
95,Deandre Ayton,27,LAL,C,59,59,1619,18.1,.671,.000,.215,11.4,24.0,17.9,4.7,1.1,3.1,11.7,16.8,3.1,1.8,4.9,.146,-0.1,-0.9,-1.0,0.4,,aytonde01
96,Neemias Queta,26,BOS,C,64,63,1609,19.6,.658,.014,.357,13.1,22.9,18.1,8.5,1.7,5.3,12.5,14.9,4.0,3.0,7.0,.207,0.3,1.8,2.1,1.7,,quetane01
97,Davion Mitchell,27,MIA,PG,57,57,1609,12.2,.579,.406,.136,1.5,8.2,4.8,30.2,1.7,0.5,16.4,13.4,2.2,1.7,3.9,.117,-1.3,0.9,-0.4,0.6,,mitchda01
98,Sam Hauser,28,BOS,PF,65,37,1604,12.0,.578,.850,.027,3.4,13.9,8.7,8.1,1.2,1.3,5.8,14.9,2.2,1.8,4.0,.119,0.5,0.0,0.5,1.0,,hausesa01
99,LaMelo Ball,24,CHO,PG,58,55,1600,18.9,.534,.571,.138,3.6,15.9,9.8,43.0,2.1,0.7,13.3,32.0,2.3,1.8,4.2,.125,4.0,-0.4,3.6,2.3,,ballla01
100,Luguentz Dort,26,OKC,SF,57,57,1594,7.8,.511,.706,.119,3.4,11.1,7.4,5.9,1.5,1.5,8.8,14.2,-0.2,2.5,2.3,.070,-3.1,0.6,-2.5,-0.2,,dortlu01
101,Keldon Johnson,26,SAS,SF,68,0,1581,17.1,.622,.338,.242,7.7,17.6,12.8,8.2,1.2,0.5,8.1,20.2,3.2,2.1,5.2,.159,1.1,-0.2,0.9,1.2,,johnske04
102,Jalen Duren,22,DET,C,57,57,1581,25.7,.672,.000,.502,15.5,26.7,21.2,9.6,1.5,3.1,10.9,23.3,5.4,3.1,8.5,.257,4.2,0.4,4.5,2.6,AS,durenja01
103,Jerami Grant,31,POR,PF,53,34,1578,15.5,.608,.473,.451,3.3,9.4,6.3,11.7,1.1,1.8,12.0,23.8,2.5,1.1,3.6,.109,1.0,-1.1,-0.1,0.8,,grantje01
104,Ace Bailey,19,UTA,SF,59,48,1577,11.3,.533,.430,.094,6.3,9.9,8.1,9.2,1.5,1.9,10.2,20.1,0.0,0.2,0.2,.005,-1.9,-2.5,-4.3,-0.9,,baileac01
105,Sion James,23,CHO,SG,68,19,1570,8.0,.540,.619,.311,2.9,13.9,8.5,10.9,1.2,1.2,14.4,10.7,0.9,1.4,2.3,.071,-3.1,0.7,-2.4,-0.2,,jamessi01
106,LeBron James,41,LAL,SF,47,47,1563,20.2,.587,.282,.329,2.7,16.9,10.0,32.8,1.7,1.7,14.5,27.7,2.3,1.5,3.8,.117,3.0,-0.1,2.9,2.0,AS,jamesle01
107,Victor Wembanyama,22,SAS,C,53,44,1558,28.3,.622,.334,.429,7.2,33.0,20.4,16.4,1.7,9.1,11.6,31.7,3.6,4.0,7.6,.233,5.6,3.9,9.5,4.6,AS,wembavi01
108,Ayo Dosunmu,26,2TM,SG,59,10,1554,16.2,.634,.389,.195,2.7,9.0,5.9,19.2,1.4,0.8,10.3,20.0,3.0,0.9,3.9,.121,1.2,-0.7,0.5,1.0,,dosunay01
108,Ayo Dosunmu,26,CHI,SG,45,10,1187,17.2,.636,.397,.216,3.0,9.1,6.1,20.7,1.4,0.9,10.3,21.0,2.5,0.6,3.1,.124,1.7,-0.9,0.8,0.8,,dosunay01
108,Ayo Dosunmu,26,MIN,SG,14,0,367,13.2,.627,.358,.114,1.5,8.8,5.3,14.3,1.4,0.5,10.4,16.6,0.5,0.3,0.8,.109,-0.3,0.0,-0.4,0.2,,dosunay01
109,Moussa Diabaté,24,CHO,C,60,34,1547,17.4,.646,.006,.490,16.5,21.1,18.9,9.9,1.4,3.6,12.8,11.7,3.9,2.1,6.0,.186,0.4,0.9,1.2,1.3,,diabamo01
110,John Collins,28,LAC,PF,56,46,1544,16.3,.651,.336,.231,6.5,15.2,11.0,5.7,1.5,2.7,11.5,19.0,2.4,1.4,3.8,.118,0.2,-0.4,-0.2,0.7,,collijo01
111,Bobby Portis,30,MIL,PF,64,9,1543,17.3,.595,.400,.089,6.3,23.1,14.8,10.2,1.2,0.8,8.1,22.9,1.7,1.3,2.9,.091,1.7,-1.6,0.1,0.8,,portibo01
112,Zion Williamson,25,NOP,PF,52,45,1542,23.3,.637,.006,.563,7.8,13.4,10.6,18.5,1.6,1.8,10.9,26.7,4.3,0.9,5.2,.162,3.8,-0.7,3.1,2.0,,willizi01
113,Brandon Miller,23,CHO,SF,51,51,1542,16.5,.565,.492,.222,4.1,14.7,9.5,18.5,1.8,2.4,13.8,29.2,0.9,1.8,2.7,.085,1.1,-0.2,0.9,1.1,,millebr02
114,P.J. Washington,27,DAL,PF,50,47,1542,13.0,.529,.347,.277,5.1,18.6,12.0,8.8,1.6,3.1,11.7,20.4,-0.5,1.9,1.4,.044,-1.9,0.3,-1.5,0.2,,washipj01
115,Nique Clifford,23,SAC,SG,65,19,1537,8.6,.492,.398,.161,4.2,12.6,8.2,11.9,1.9,1.2,14.8,16.4,-1.1,0.7,-0.4,-0.013,-4.1,-0.8,-5.0,-1.2,,cliffni01
116,Maxime Raynaud,22,SAC,C,61,43,1532,15.2,.605,.092,.216,8.6,24.1,16.1,7.3,0.9,2.0,11.6,17.5,1.7,0.9,2.6,.081,-1.6,-1.5,-3.0,-0.4,,raynama01
117,Dillon Brooks,30,PHO,SF,50,50,1530,14.8,.547,.392,.216,2.7,10.8,6.6,9.6,1.7,0.5,8.5,29.0,0.7,1.4,2.1,.066,-0.7,-1.4,-2.1,0.0,,brookdi01
118,Cam Spencer,25,MEM,SG,64,17,1526,17.6,.654,.584,.248,2.5,9.5,6.0,32.6,1.4,0.6,13.0,17.5,4.4,0.8,5.2,.162,3.2,-0.7,2.5,1.7,,spencca01
119,Kyle Filipowski,22,UTA,C,66,30,1510,15.8,.593,.336,.350,8.9,24.6,16.6,14.8,2.0,2.2,15.2,19.0,1.6,1.1,2.7,.085,-0.8,-0.4,-1.3,0.3,,filipky01
120,Moses Moody,23,GSW,SG,59,48,1506,13.4,.603,.682,.203,3.6,10.9,7.2,9.1,1.8,1.9,8.6,18.0,1.7,1.4,3.1,.100,0.2,-0.3,-0.1,0.7,,moodymo01
121,Tristan Da Silva,24,ORL,SF,62,25,1505,12.0,.569,.527,.111,3.4,13.8,8.6,8.7,1.9,1.3,9.1,16.1,0.9,1.8,2.6,.084,-0.7,0.3,-0.3,0.6,,dasiltr01
122,Peyton Watson,23,DEN,SF,49,39,1502,14.4,.600,.338,.331,3.5,14.1,9.0,9.1,1.6,3.6,12.4,20.2,1.0,1.4,2.4,.078,-0.6,-0.5,-1.1,0.4,,watsope01
123,Norman Powell,32,MIA,SG,50,49,1501,18.1,.613,.456,.358,1.2,11.1,6.1,13.1,1.8,0.7,9.9,27.4,2.2,1.8,4.0,.128,2.2,0.1,2.3,1.6,AS,powelno01
124,Draymond Green,35,GSW,PF,55,55,1492,10.3,.535,.624,.154,3.2,19.7,11.3,26.6,1.5,2.0,24.8,16.5,-0.4,1.8,1.4,.044,-2.5,1.0,-1.5,0.2,,greendr01
125,Isaiah Collier,21,UTA,PG,58,18,1489,15.0,.567,.194,.399,1.5,9.4,5.4,40.1,2.0,1.3,19.4,20.5,1.5,0.3,1.8,.058,-0.6,-1.9,-2.5,-0.2,,colliis01
126,Ausar Thompson,23,DET,SF,58,57,1484,16.2,.540,.047,.347,9.2,15.8,12.5,15.7,3.6,3.3,13.3,17.4,1.2,3.1,4.4,.141,-0.5,3.3,2.7,1.8,,thompau01
127,Isaac Okoro,25,CHI,SG,55,55,1480,9.4,.565,.480,.247,4.5,6.3,5.4,7.8,1.2,1.4,8.5,13.6,1.1,0.6,1.8,.057,-3.2,-1.0,-4.2,-0.8,,okorois01
128,Jamal Shead,23,TOR,PG,67,7,1475,10.7,.490,.528,.228,1.7,8.3,4.9,30.2,2.1,0.7,16.6,16.0,0.5,1.6,2.0,.067,-2.3,0.1,-2.2,-0.1,,sheadja01
129,Josh Giddey,23,CHI,PG,46,43,1470,19.1,.575,.380,.329,4.4,23.9,14.3,41.1,1.6,1.0,18.8,25.3,1.8,1.5,3.3,.107,2.8,0.5,3.4,2.0,,giddejo01
130,Brice Sensabaugh,22,UTA,SF,65,14,1459,14.0,.581,.535,.233,3.9,10.7,7.2,11.2,1.5,0.6,10.5,24.0,1.0,0.1,1.0,.034,0.0,-2.9,-2.9,-0.3,,sensabr01
131,Pelle Larsson,24,MIA,SG,57,44,1455,13.3,.602,.359,.382,3.4,10.3,6.8,17.5,1.3,0.9,11.9,16.1,2.2,1.5,3.7,.123,-0.9,0.5,-0.4,0.6,,larsspe01
132,Jaren Jackson Jr.,26,2TM,C,48,48,1454,15.8,.576,.327,.282,3.1,17.3,10.1,10.3,1.7,4.4,11.7,26.1,0.3,1.6,1.8,.060,-1.0,0.5,-0.5,0.6,,jacksja02
132,Jaren Jackson Jr.,26,MEM,C,45,45,1382,15.4,.574,.328,.279,3.2,17.2,10.1,9.8,1.6,4.5,11.7,25.6,0.2,1.5,1.7,.059,-1.2,0.4,-0.8,0.4,,jacksja02
132,Jaren Jackson Jr.,26,UTA,C,3,3,72,23.5,.598,.306,.327,1.5,18.5,9.8,20.8,3.9,1.4,11.1,36.2,0.1,0.1,0.1,.086,2.4,2.0,4.5,0.1,,jacksja02
133,Dennis Schröder,32,2TM,PG,57,16,1448,13.0,.525,.374,.312,1.8,10.6,6.1,27.7,1.6,0.6,14.5,21.6,0.5,0.6,1.1,.037,-0.8,-1.3,-2.1,0.0,,schrode01
133,Dennis Schröder,32,SAC,PG,40,14,1056,13.7,.531,.393,.315,2.3,10.8,6.4,28.6,1.5,0.5,14.1,22.5,0.5,0.2,0.7,.032,-0.1,-1.8,-1.9,0.0,,schrode01
133,Dennis Schröder,32,CLE,PG,17,2,392,11.0,.505,.311,.303,0.6,9.8,5.2,25.1,2.0,1.0,15.8,19.0,0.0,0.4,0.4,.051,-2.8,0.0,-2.8,-0.1,,schrode01
134,Oso Ighodaro,23,PHO,PF,68,14,1443,13.1,.628,.004,.319,7.8,17.4,12.5,13.7,2.2,2.9,20.5,11.9,1.4,2.0,3.4,.114,-2.6,2.3,-0.4,0.6,,ighodos01
135,Lauri Markkanen,28,UTA,PF,42,42,1443,21.4,.608,.402,.333,6.2,15.7,10.9,10.3,1.4,1.4,6.4,28.3,3.4,0.3,3.7,.123,4.7,-2.1,2.6,1.6,,markkla01
136,Shaedon Sharpe,22,POR,SG,48,42,1439,15.5,.550,.351,.229,3.5,12.5,7.9,15.1,2.2,0.4,13.4,30.3,-0.2,1.4,1.1,.038,-0.2,-1.1,-1.3,0.3,,sharpsh01
137,Austin Reaves,27,LAL,SG,42,36,1435,21.3,.647,.427,.471,2.3,13.8,8.2,24.7,1.6,1.0,13.8,27.3,3.8,1.1,4.9,.164,3.9,-0.6,3.4,2.0,,reaveau01
138,Kel'el Ware,21,MIA,C,63,31,1431,20.2,.614,.338,.156,14.0,28.6,21.3,3.5,1.8,4.4,8.6,18.0,2.6,2.9,5.5,.185,1.9,0.3,2.2,1.5,,wareke01
139,Sandro Mamukelashvili,26,TOR,C,65,12,1423,17.4,.626,.469,.242,7.1,18.2,12.5,12.1,1.7,2.4,8.8,18.4,2.7,2.0,4.7,.159,1.6,0.6,2.2,1.5,,mamuksa01
140,Tobias Harris,33,DET,PF,50,50,1414,14.1,.566,.354,.235,3.5,16.5,10.1,10.7,1.6,1.1,8.2,18.7,1.8,2.1,3.8,.130,0.1,0.5,0.6,0.9,,harrito02
141,Jay Huff,27,IND,C,68,41,1406,15.6,.594,.625,.171,4.6,16.0,10.1,9.5,1.2,8.0,9.7,18.1,1.1,1.6,2.8,.094,-0.7,1.3,0.6,0.9,,huffja01
142,Jarrett Allen,27,CLE,C,51,51,1405,21.8,.670,.021,.476,10.3,23.4,16.9,10.2,1.7,2.9,10.6,19.4,3.9,2.1,6.0,.205,2.1,0.5,2.7,1.7,,allenja01
143,Terance Mann,29,BRK,SG,57,47,1397,10.7,.569,.406,.224,5.2,9.9,7.4,19.3,1.3,0.9,14.4,13.6,1.4,0.5,1.9,.064,-2.4,-0.7,-3.1,-0.4,,mannte01
144,Ivica Zubac,28,2TM,C,46,45,1397,18.6,.631,.000,.300,13.1,27.6,20.5,11.4,0.6,2.5,14.2,19.0,2.6,1.5,4.1,.141,0.7,-0.8,-0.1,0.7,,zubaciv01
144,Ivica Zubac,28,LAC,C,43,42,1328,18.9,.635,.000,.308,13.4,27.7,20.7,11.4,0.6,2.6,14.4,19.0,2.6,1.4,4.0,.145,0.9,-0.8,0.1,0.7,,zubaciv01
144,Ivica Zubac,28,IND,C,3,3,69,13.5,.542,.000,.160,7.6,26.0,16.5,11.3,0.7,1.2,10.1,18.3,0.0,0.1,0.1,.055,-3.0,-1.2,-4.3,0.0,,zubaciv01
145,Kyshawn George,22,WAS,SF,48,48,1391,13.9,.559,.451,.227,3.2,15.6,9.4,22.6,1.6,2.7,16.5,22.8,0.2,0.6,0.8,.028,-0.6,-0.7,-1.2,0.3,,georgky01
146,Precious Achiuwa,26,SAC,C,61,45,1388,16.2,.570,.168,.201,10.3,20.9,15.5,8.3,1.9,2.7,8.4,16.4,1.6,1.1,2.7,.095,-0.4,-0.5,-0.9,0.4,,achiupr01
147,Dominick Barlow,22,PHI,PF,57,50,1388,13.4,.598,.221,.323,8.6,12.6,10.6,6.5,1.9,2.6,10.7,13.4,1.8,1.4,3.2,.110,-1.2,0.2,-1.1,0.3,,barlodo01
148,Vít Krejčí,25,2TM,PG,64,8,1387,11.2,.611,.768,.120,2.4,9.2,5.7,9.7,1.6,1.2,8.4,14.6,1.5,1.2,2.7,.094,-1.5,-0.2,-1.7,0.1,,krejcvi01
148,Vít Krejčí,25,ATL,PG,46,8,1028,11.3,.639,.776,.117,2.0,8.3,5.1,8.7,1.7,1.1,8.5,14.3,1.2,0.9,2.1,.098,-1.4,-0.1,-1.5,0.1,,krejcvi01
148,Vít Krejčí,25,POR,PG,18,0,359,10.8,.538,.746,.127,3.5,11.9,7.6,12.5,1.3,1.2,8.1,15.3,0.3,0.3,0.6,.083,-2.0,-0.4,-2.3,0.0,,krejcvi01
149,Cedric Coward,22,MEM,SG,53,38,1378,14.8,.581,.427,.248,5.8,20.0,12.8,16.1,1.0,1.5,13.6,21.2,1.1,1.1,2.3,.078,0.1,-0.5,-0.3,0.6,,cowarce01
150,Tre Jones,26,CHI,PG,51,27,1376,17.9,.632,.216,.363,2.4,8.9,5.7,29.0,2.1,0.6,11.6,18.0,3.5,0.9,4.5,.155,0.8,0.3,1.1,1.1,,jonestr01
151,Anfernee Simons,26,2TM,SG,55,5,1372,14.6,.576,.585,.119,2.5,8.2,5.4,14.6,1.0,0.6,9.1,23.6,1.8,1.0,2.9,.100,1.2,-1.4,-0.2,0.7,,simonan01
151,Anfernee Simons,26,BOS,SG,49,0,1202,15.2,.579,.579,.127,2.4,8.3,5.4,14.5,1.1,0.5,8.4,23.6,1.9,1.0,2.9,.116,1.6,-1.1,0.5,0.8,,simonan01
151,Anfernee Simons,26,CHI,SG,6,5,170,10.3,.554,.625,.063,3.2,7.4,5.3,15.8,0.0,1.0,13.7,23.5,-0.1,0.0,0.0,-0.013,-1.2,-3.8,-5.0,-0.1,,simonan01
152,Bennedict Mathurin,23,2TM,SF,44,25,1372,14.5,.576,.367,.458,3.5,16.6,10.0,11.3,1.2,0.7,12.2,25.3,0.7,0.9,1.7,.058,-1.2,-1.6,-2.8,-0.3,,mathube01
152,Bennedict Mathurin,23,IND,SF,28,24,891,12.8,.589,.436,.408,2.6,16.2,9.2,10.7,0.9,0.4,13.2,23.1,0.3,0.5,0.8,.042,-1.1,-1.8,-2.8,-0.2,,mathube01
152,Bennedict Mathurin,23,LAC,SF,16,1,481,17.7,.557,.260,.537,5.2,17.4,11.5,12.3,1.9,1.4,10.6,29.4,0.4,0.5,0.9,.088,-1.4,-1.2,-2.6,-0.1,,mathube01
153,Jock Landale,30,2TM,C,61,26,1351,16.8,.596,.345,.238,13.8,14.7,14.2,10.5,1.1,2.0,8.9,18.6,2.6,1.0,3.6,.129,1.1,-1.2,-0.1,0.7,,landajo01
153,Jock Landale,30,MEM,C,45,25,1060,16.9,.594,.332,.229,14.3,15.5,14.9,10.4,1.1,1.9,9.7,18.5,2.0,0.8,2.7,.124,1.1,-1.2,-0.1,0.5,,landajo01
153,Jock Landale,30,ATL,C,16,1,291,16.8,.601,.391,.273,12.0,11.6,11.8,10.8,0.8,2.5,6.1,18.8,0.6,0.3,0.9,.144,1.0,-1.1,-0.1,0.1,,landajo01
154,Luke Kennard,29,2TM,SG,64,1,1342,13.5,.707,.590,.137,2.0,9.5,5.7,12.9,1.5,0.5,11.0,13.2,2.6,1.0,3.6,.129,0.1,0.1,0.2,0.8,,kennalu01
154,Luke Kennard,29,ATL,SG,46,0,944,13.5,.713,.621,.146,2.1,9.3,5.6,13.3,1.6,0.5,11.1,12.7,1.8,0.8,2.6,.134,0.2,0.2,0.4,0.6,,kennalu01
154,Luke Kennard,29,LAL,SG,18,1,398,13.4,.694,.523,.117,1.5,10.0,5.9,11.9,1.2,0.7,10.7,14.3,0.8,0.2,1.0,.118,0.0,-0.2,-0.2,0.2,,kennalu01
155,Herbert Jones,27,NOP,SF,46,46,1332,9.2,.487,.529,.140,3.4,10.0,6.7,12.7,2.7,1.6,12.6,15.2,-0.3,1.0,0.7,.024,-3.8,0.6,-3.2,-0.4,,joneshe01
156,Kelly Oubre Jr.,30,PHI,SF,41,36,1330,13.1,.581,.448,.299,3.3,13.3,8.2,7.7,2.0,1.6,10.2,18.4,1.0,1.3,2.3,.082,-1.1,-0.5,-1.6,0.1,,oubreke01
157,Mark Williams,24,PHO,C,56,52,1322,21.8,.670,.002,.396,14.2,24.1,19.0,6.5,1.9,3.6,10.9,17.5,3.7,2.1,5.8,.212,1.4,0.3,1.8,1.3,,willima07
158,Brandon Williams,26,DAL,PG,60,15,1320,16.7,.569,.254,.461,2.3,11.6,7.0,25.8,2.0,1.2,14.2,25.1,1.0,1.3,2.3,.083,0.1,0.3,0.4,0.8,,willibr03
159,Grayson Allen,30,PHO,SG,44,26,1312,16.5,.572,.684,.250,2.5,8.7,5.5,20.9,2.3,0.9,9.8,23.7,2.3,1.3,3.6,.132,2.2,0.0,2.3,1.4,,allengr01
160,Egor Dёmin,19,BRK,PG,52,45,1308,11.4,.561,.717,.145,1.8,13.4,7.3,20.6,1.6,1.2,15.3,18.8,0.2,0.7,0.9,.034,-0.8,-0.8,-1.6,0.1,,demineg01
161,RJ Barrett,25,TOR,SF,43,43,1301,17.2,.586,.353,.335,3.5,17.0,10.1,17.0,1.3,1.0,9.4,25.2,1.6,1.5,3.1,.116,1.4,-0.5,0.9,1.0,,barrerj01
162,Tre Johnson,19,WAS,SG,54,36,1300,11.2,.545,.503,.144,2.2,10.3,6.2,12.5,1.1,1.2,11.9,22.4,-0.2,0.0,-0.2,-0.008,-1.6,-2.7,-4.3,-0.7,,johnstr03
163,Sidy Cissoko,21,POR,SF,62,24,1296,7.5,.528,.598,.261,4.4,7.9,6.1,9.4,1.8,1.6,15.6,12.7,0.1,1.0,1.1,.043,-4.3,0.3,-3.9,-0.6,,cissosi01
164,Klay Thompson,35,DAL,SF,59,8,1293,11.3,.537,.721,.064,1.4,9.4,5.5,9.2,1.1,1.0,8.0,22.8,-0.4,0.9,0.5,.018,-0.1,-1.4,-1.5,0.2,,thompkl01
165,Isaiah Joe,26,OKC,SG,59,9,1291,15.0,.643,.775,.242,2.4,10.4,6.6,8.9,1.6,0.8,6.6,18.2,2.6,2.0,4.6,.171,1.6,0.5,2.0,1.3,,joeis01
166,Zaccharie Risacher,20,ATL,SF,54,45,1285,11.1,.538,.479,.156,4.6,12.8,8.7,7.2,1.8,2.0,9.1,17.8,0.0,1.4,1.4,.053,-2.6,-0.5,-3.2,-0.4,,risacza01
167,Cameron Johnson,29,DEN,SF,42,42,1283,11.5,.604,.524,.253,2.9,10.6,6.9,10.2,1.0,1.2,8.5,14.8,1.7,0.7,2.4,.089,-0.6,-1.1,-1.7,0.1,,johnsca02
168,Ron Holland,20,DET,SF,63,5,1282,12.1,.526,.370,.296,6.6,16.7,11.7,8.6,2.8,1.5,13.9,19.0,0.0,2.3,2.4,.089,-3.0,1.2,-1.8,0.1,,hollaro01
169,Jordan Goodwin,27,PHO,PG,58,4,1280,14.7,.521,.533,.099,9.3,14.3,11.7,14.4,3.2,0.9,10.1,18.0,1.2,1.8,3.0,.114,0.3,1.2,1.6,1.1,,goodwjo01
170,Spencer Jones,24,DEN,SF,56,35,1275,9.5,.621,.562,.194,6.1,9.8,8.0,4.6,1.8,1.8,9.3,9.9,1.4,1.0,2.4,.089,-2.3,-0.1,-2.4,-0.1,,jonessp01
171,Isaiah Stewart,24,DET,C,55,13,1273,15.1,.626,.303,.324,8.1,16.3,12.2,7.1,0.6,7.0,12.5,16.4,1.9,2.0,3.9,.147,-1.0,1.0,0.0,0.6,,stewais01
172,Bilal Coulibaly,21,WAS,SG,47,47,1252,12.7,.528,.401,.350,3.4,14.5,8.8,13.8,2.4,3.0,12.3,18.7,0.1,0.8,0.9,.034,-2.3,-0.1,-2.5,-0.1,,coulibi01
173,Brook Lopez,37,LAC,C,61,26,1241,11.6,.546,.614,.116,2.5,14.6,8.7,8.0,1.5,4.9,9.8,16.8,0.2,1.3,1.5,.058,-1.6,0.5,-1.2,0.3,,lopezbr01
174,Alex Sarr,20,WAS,C,45,45,1239,20.2,.554,.222,.228,8.6,20.6,14.5,15.4,1.5,6.5,10.0,25.6,1.0,1.0,2.0,.077,1.4,-0.1,1.3,1.0,,sarral01
175,Collin Sexton,27,2TM,SG,54,15,1239,17.1,.620,.383,.345,2.3,7.2,4.8,23.3,2.0,0.6,15.4,25.6,2.0,1.0,3.0,.115,1.1,-0.6,0.6,0.8,,sextoco01
175,Collin Sexton,27,CHO,SG,42,12,938,17.7,.619,.350,.372,2.2,7.3,4.8,26.6,1.9,0.7,15.6,25.7,1.8,0.8,2.6,.135,1.6,-0.5,1.1,0.7,,sextoco01
175,Collin Sexton,27,CHI,SG,12,3,301,15.2,.625,.482,.266,2.5,6.6,4.6,12.8,2.5,0.3,14.8,25.5,0.1,0.2,0.3,.053,-0.3,-0.6,-1.0,0.1,,sextoco01
176,Kevin Huerter,27,2TM,SF,56,11,1232,13.0,.548,.556,.131,2.6,14.5,8.6,15.7,1.7,2.3,9.7,18.9,0.6,1.2,1.8,.069,-1.1,0.2,-0.9,0.3,,huertke01
176,Kevin Huerter,27,CHI,SF,44,11,1037,13.3,.559,.552,.139,2.4,14.8,8.7,16.0,1.6,2.2,10.3,19.4,0.5,0.9,1.4,.064,-1.0,0.1,-1.0,0.3,,huertke01
176,Kevin Huerter,27,DET,SG,12,0,195,11.7,.482,.580,.087,3.5,12.9,8.2,14.3,2.0,3.1,6.5,16.3,0.1,0.3,0.4,.100,-1.6,0.9,-0.7,0.1,,huertke01
177,Khris Middleton,34,2TM,SF,51,44,1232,11.7,.539,.337,.258,4.0,13.0,8.5,18.0,1.4,0.6,14.6,20.6,0.1,0.5,0.6,.022,-2.4,-1.4,-3.8,-0.6,,middlkh01
177,Khris Middleton,34,WAS,SF,34,34,827,11.5,.531,.330,.230,3.8,13.5,8.6,19.1,1.5,1.0,14.7,19.6,0.1,0.2,0.2,.014,-2.6,-1.4,-4.0,-0.4,,middlkh01
177,Khris Middleton,34,DAL,SF,17,10,405,12.2,.552,.349,.307,4.3,12.0,8.2,15.7,1.3,0.0,14.5,22.8,0.0,0.3,0.3,.038,-2.0,-1.4,-3.4,-0.1,,middlkh01
178,Kevin Porter Jr.,25,MIL,PG,37,35,1228,18.5,.564,.279,.297,3.1,14.6,8.9,33.0,3.3,1.4,16.2,24.3,1.3,1.4,2.6,.103,0.6,1.2,1.8,1.2,,porteke02
179,Zach LaVine,30,SAC,SG,39,37,1224,14.8,.614,.464,.260,0.7,9.3,4.9,11.2,1.1,0.7,10.8,23.7,1.2,0.1,1.4,.053,0.6,-2.1,-1.5,0.2,,lavinza01
180,Stephen Curry,37,GSW,PG,39,39,1222,22.8,.636,.602,.274,1.4,11.1,6.2,27.2,1.7,1.2,11.7,32.7,2.8,1.1,3.9,.154,6.4,-1.0,5.4,2.3,AS,curryst01
181,Dylan Harper,19,SAS,SG,55,0,1219,15.3,.552,.268,.205,3.2,12.5,8.0,24.8,1.8,1.2,12.3,22.0,1.1,1.7,2.8,.110,-0.5,1.1,0.6,0.8,,harpedy01
182,Aaron Wiggins,27,OKC,SG,53,18,1218,11.9,.538,.508,.148,3.2,11.9,7.7,10.7,2.0,2.1,12.2,19.9,-0.3,2.2,1.9,.074,-1.4,0.7,-0.7,0.4,,wiggiaa01
183,Ajay Mitchell,23,OKC,SG,46,11,1215,17.4,.589,.299,.285,3.1,10.8,7.1,20.3,2.5,1.1,11.3,22.4,1.8,2.2,4.0,.159,0.5,1.6,2.1,1.2,,mitchaj01
184,Javonte Green,32,DET,SG,67,5,1214,13.5,.594,.577,.313,5.0,11.9,8.5,4.9,3.5,1.7,9.7,14.8,1.4,2.2,3.6,.143,-0.8,2.3,1.5,1.1,,greenja02
185,Ryan Kalkbrenner,24,CHO,C,55,30,1214,18.3,.745,.016,.409,13.3,16.4,14.9,5.1,1.2,6.3,14.4,11.8,2.9,1.7,4.6,.182,0.6,1.2,1.8,1.2,,kalkbry01
186,Ben Sheppard,24,IND,SG,56,19,1210,9.2,.544,.614,.134,3.1,12.5,7.7,11.7,1.3,0.3,9.4,13.8,0.5,0.6,1.0,.041,-2.8,-0.6,-3.4,-0.5,,sheppbe01
187,Luke Kornet,30,SAS,C,57,23,1209,18.3,.696,.000,.412,14.6,16.6,15.6,11.2,1.0,4.5,8.3,10.5,4.0,1.9,5.9,.232,1.7,1.9,3.7,1.7,,kornelu01
188,Santi Aldama,25,MEM,PF,43,11,1198,16.4,.572,.420,.239,6.0,20.0,13.0,15.5,1.5,2.4,9.5,20.1,1.4,1.2,2.6,.103,1.3,0.5,1.8,1.1,,aldamsa01
189,Cody Williams,21,UTA,SG,54,28,1191,9.1,.537,.298,.211,4.5,9.4,6.9,9.0,1.4,2.0,11.8,13.9,0.2,0.1,0.3,.012,-3.3,-1.7,-5.1,-0.9,,willico04
190,Dean Wade,29,CLE,PF,53,32,1191,11.0,.582,.714,.151,4.2,16.6,10.4,8.3,1.7,1.7,5.3,10.0,1.5,1.4,2.9,.117,-0.8,1.2,0.3,0.7,,wadede01
191,Josh Okogie,27,HOU,SG,64,29,1185,10.0,.556,.558,.227,6.5,9.4,8.0,6.1,2.3,1.0,11.2,11.4,1.0,1.3,2.4,.096,-2.3,1.0,-1.3,0.2,,okogijo01
192,Tari Eason,24,HOU,PF,45,31,1185,13.0,.519,.458,.096,8.6,18.0,13.4,8.7,2.5,1.8,12.6,18.6,0.4,1.8,2.2,.090,-1.5,0.5,-1.0,0.3,,easonta01
193,Jimmy Butler,36,GSW,SF,38,38,1182,23.6,.646,.184,.621,8.0,11.6,9.8,24.1,2.3,0.6,9.3,23.2,4.7,1.2,5.9,.238,5.0,0.5,5.5,2.3,,butleji01
194,Jalen Suggs,24,ORL,PG,44,43,1179,16.6,.561,.538,.210,2.6,13.2,7.9,29.9,3.4,2.5,17.1,23.7,0.4,1.9,2.3,.094,0.8,2.0,2.9,1.4,,suggsja01
195,De'Andre Hunter,28,2TM,SF,45,25,1176,11.5,.545,.491,.285,2.8,14.5,8.6,10.7,1.2,0.5,11.7,22.8,0.1,1.0,1.2,.048,-2.4,-1.5,-3.9,-0.6,,huntede01
195,De'Andre Hunter,28,CLE,SF,43,23,1125,12.1,.553,.492,.284,2.8,15.0,8.9,11.1,1.3,0.5,11.6,22.9,0.4,1.0,1.4,.060,-2.0,-1.3,-3.3,-0.4,,huntede01
195,De'Andre Hunter,28,SAC,SF,2,2,51,-3.4,.347,.474,.316,2.1,4.5,3.3,2.5,0.0,0.0,15.6,21.4,-0.2,0.0,-0.2,-0.223,-11.0,-5.5,-16.5,-0.2,,huntede01
196,Gary Trent Jr.,27,MIL,SG,56,17,1175,7.7,.525,.735,.113,0.7,4.8,2.8,8.0,1.2,0.3,7.0,16.2,-0.1,0.2,0.1,.003,-3.3,-2.0,-5.3,-1.0,,trentga02
197,Jose Alvarado,27,2TM,PG,58,0,1175,11.6,.540,.669,.097,1.9,11.6,6.7,21.7,2.3,0.5,13.6,16.0,0.8,0.9,1.7,.071,-1.7,0.2,-1.5,0.2,,alvarjo01
197,Jose Alvarado,27,NOP,PG,41,0,896,11.2,.558,.689,.086,1.9,11.9,6.8,19.3,2.0,0.4,13.9,15.7,0.6,0.5,1.1,.057,-1.5,-0.5,-2.1,0.0,,alvarjo01
197,Jose Alvarado,27,NYK,PG,17,0,279,12.9,.488,.609,.130,2.0,10.8,6.3,29.4,3.2,0.7,12.6,17.0,0.2,0.4,0.7,.115,-2.0,2.5,0.5,0.2,,alvarjo01
198,Nicolas Batum,37,LAC,PF,64,5,1168,8.1,.595,.957,.052,2.2,13.5,8.0,6.5,1.8,1.7,14.0,9.5,0.4,1.0,1.4,.058,-1.8,0.6,-1.2,0.2,,batumni01
199,Will Richard,23,GSW,SG,58,19,1165,11.5,.590,.606,.166,5.6,8.6,7.1,9.6,3.0,0.5,12.5,13.7,1.0,1.3,2.3,.094,-2.5,1.0,-1.5,0.2,,richawi02
200,Malik Monk,27,SAC,SG,53,0,1165,14.0,.566,.492,.164,1.3,8.6,4.9,18.5,1.3,1.5,11.3,24.2,0.5,0.2,0.7,.031,0.5,-2.1,-1.5,0.1,,monkma01
201,Day'Ron Sharpe,24,BRK,C,62,7,1160,20.6,.638,.110,.427,16.3,25.4,20.7,21.0,2.9,2.1,20.0,19.8,2.1,1.5,3.5,.146,0.6,0.9,1.5,1.0,,sharpda01
202,Kobe Sanders,23,LAC,SG,56,16,1157,8.9,.580,.490,.169,2.8,10.8,6.9,11.2,1.5,0.6,17.4,15.6,0.1,0.7,0.8,.032,-3.1,-0.6,-3.7,-0.5,,sandeko01
203,Aaron Nesmith,26,IND,SF,39,36,1157,10.8,.537,.543,.231,4.1,12.0,7.9,10.2,0.9,1.6,9.7,19.9,0.1,0.6,0.6,.026,-1.8,-1.5,-3.3,-0.4,,nesmiaa01
204,Jrue Holiday,35,POR,PG,40,38,1154,17.3,.583,.487,.153,5.1,12.1,8.5,33.7,1.9,0.4,16.9,23.6,1.7,1.0,2.7,.112,2.8,-0.7,2.1,1.2,,holidjr01
205,Will Riley,19,WAS,SF,59,8,1150,11.6,.545,.404,.286,4.5,9.7,7.1,12.1,1.5,0.5,12.4,19.3,0.3,0.0,0.3,.013,-2.0,-2.5,-4.5,-0.7,,rileywi01
206,Keon Ellis,26,2TM,SG,59,7,1148,10.7,.570,.689,.161,2.7,7.4,5.0,5.9,2.9,3.4,9.1,13.0,0.5,1.0,1.6,.065,-1.7,1.6,-0.2,0.5,,elliske01
206,Keon Ellis,26,SAC,SG,43,5,758,9.1,.536,.689,.153,2.1,6.0,4.0,4.6,2.9,2.6,8.6,13.7,0.0,0.5,0.4,.027,-2.8,0.9,-2.0,0.0,,elliske01
206,Keon Ellis,26,CLE,SG,16,2,390,13.7,.649,.689,.178,3.6,10.2,6.9,8.5,2.8,4.8,10.2,11.6,0.6,0.6,1.1,.139,0.4,2.9,3.3,0.5,,elliske01
207,Ryan Dunn,23,PHO,SF,59,14,1145,10.9,.514,.468,.130,7.8,15.6,11.6,9.9,2.1,2.0,12.6,13.8,0.4,1.4,1.9,.079,-2.5,0.9,-1.6,0.1,,dunnry01
208,Justin Champagnie,24,WAS,SF,59,15,1138,17.6,.596,.357,.240,11.6,19.0,15.3,8.3,2.1,2.9,8.6,16.3,2.1,0.8,2.8,.120,0.8,-0.8,0.0,0.6,,champju01
209,Patrick Williams,24,CHI,PF,58,4,1134,8.6,.506,.567,.139,4.0,11.4,7.8,9.4,1.5,1.5,12.8,16.9,-0.7,0.7,0.1,.003,-2.9,-1.2,-4.1,-0.6,,willipa01
210,Danny Wolf,21,BRK,PF,54,12,1128,12.7,.525,.483,.252,5.6,22.7,13.7,17.3,1.2,2.5,13.0,20.5,0.1,0.9,1.0,.041,-1.9,-0.4,-2.3,-0.1,,wolfda01
211,Svi Mykhailiuk,28,UTA,SF,48,41,1123,11.2,.623,.652,.083,3.2,8.3,5.7,11.2,1.0,0.3,10.0,14.4,1.3,-0.2,1.1,.048,0.0,-2.0,-1.9,0.0,,mykhasv01
212,Quinten Post,25,GSW,PF,64,34,1120,13.0,.559,.631,.096,6.3,19.3,12.7,11.7,1.1,2.7,11.0,18.9,0.6,1.3,1.9,.080,-1.0,-0.1,-1.1,0.3,,postqu01
213,Walter Clayton,22,2TM,PG,57,3,1115,10.4,.520,.521,.255,1.5,9.5,5.5,26.8,1.6,1.3,18.0,18.0,0.1,0.3,0.4,.016,-2.4,-1.8,-4.1,-0.6,,claytwa01
213,Walter Clayton,22,UTA,PG,45,0,811,10.5,.540,.559,.242,2.0,10.0,5.9,23.8,1.4,1.5,16.8,17.4,0.3,0.1,0.4,.022,-1.8,-1.4,-3.2,-0.2,,claytwa01
213,Walter Clayton,22,MEM,PG,12,3,304,9.9,.470,.426,.287,0.4,8.2,4.3,34.7,2.2,0.9,20.9,19.6,-0.2,0.2,0.0,.001,-4.0,-2.6,-6.6,-0.4,,claytwa01
214,Ziaire Williams,24,BRK,SF,48,7,1096,11.8,.579,.643,.287,2.7,9.8,6.1,6.7,2.7,1.6,10.5,17.8,0.5,0.8,1.3,.057,-2.1,0.1,-2.0,0.0,,willizi02
215,Dru Smith,28,MIA,SG,64,1,1092,14.6,.535,.399,.325,5.3,10.4,7.8,19.8,4.2,1.6,13.2,15.2,1.1,2.0,3.1,.136,-1.4,3.9,2.5,1.2,,smithdr01
216,Baylor Scheierman,25,BOS,SG,63,17,1091,11.3,.608,.728,.073,4.4,17.0,10.8,9.9,1.6,0.5,12.1,11.5,1.4,1.4,2.8,.122,-1.1,1.4,0.2,0.6,,scheiba01
217,Kentavious Caldwell-Pope,32,MEM,SG,51,14,1088,11.0,.533,.475,.219,2.0,10.5,6.2,17.5,1.9,0.7,13.2,17.6,0.3,0.7,1.0,.044,-2.3,-0.2,-2.4,-0.1,,caldwke01
218,Sam Merrill,29,CLE,SG,42,30,1086,13.7,.663,.794,.132,2.6,7.4,5.0,12.1,1.1,0.4,8.2,16.9,2.3,0.7,3.0,.133,1.4,-1.1,0.4,0.7,,merrisa01
219,Jaylin Williams,23,OKC,PF,53,11,1084,13.4,.583,.715,.262,3.0,25.0,14.4,16.4,1.2,3.2,15.4,16.1,0.8,2.3,3.2,.141,-0.5,2.5,2.0,1.1,,willija07
220,Jusuf Nurkić,31,UTA,C,41,36,1083,16.6,.548,.198,.316,10.5,32.6,21.4,25.8,2.3,2.0,19.9,19.4,0.5,1.1,1.6,.072,-0.4,1.5,1.1,0.9,,nurkiju01
221,Ja'Kobe Walter,21,TOR,SG,57,11,1074,10.6,.566,.647,.210,4.2,9.8,7.0,7.4,2.6,0.8,8.3,14.0,0.8,1.4,2.2,.098,-2.5,1.2,-1.3,0.2,,walteja01
222,Gui Santos,23,GSW,PF,57,21,1071,14.5,.614,.515,.203,6.3,15.6,10.9,16.5,2.2,1.7,16.1,17.6,1.1,1.3,2.4,.106,-0.5,0.8,0.3,0.6,,santogu01
223,Yves Missi,21,NOP,C,56,9,1064,15.1,.549,.004,.342,15.6,16.3,16.0,8.3,0.9,7.4,13.3,12.6,1.3,0.9,2.2,.100,-1.4,-0.5,-1.9,0.0,,missiyv01
224,Jordan Clarkson,33,NYK,SG,59,1,1058,11.2,.548,.455,.181,4.8,5.6,5.2,10.0,1.1,0.9,10.5,21.7,0.5,0.9,1.4,.062,-2.0,-1.7,-3.6,-0.4,,clarkjo01
225,Kris Murray,25,POR,SF,44,15,1051,9.4,.537,.425,.208,7.5,9.6,8.5,6.3,2.0,1.5,13.3,10.7,0.5,0.9,1.4,.066,-2.6,0.6,-2.0,0.0,,murrakr01
226,Jalen Smith,25,CHI,C,50,18,1046,16.8,.599,.540,.233,10.0,24.9,17.5,8.5,1.0,3.2,9.8,19.2,1.4,1.1,2.6,.119,0.3,-1.0,-0.7,0.4,,smithja04
227,Collin Murray-Boyles,20,TOR,PF,47,22,1046,15.3,.605,.177,.266,12.0,13.0,12.5,12.2,2.1,3.8,14.4,14.5,1.5,1.5,3.0,.139,-0.7,1.4,0.7,0.7,,murraco01
228,Daniel Gafford,27,DAL,C,48,38,1040,17.9,.676,.000,.451,11.8,21.3,16.7,6.7,1.7,4.9,15.8,15.3,1.8,1.6,3.4,.158,-1.0,1.5,0.4,0.6,,gaffoda01
229,Giannis Antetokounmpo,31,MIL,PF,36,36,1039,32.8,.658,.075,.597,10.7,27.1,19.0,38.1,1.6,2.3,13.2,37.1,4.0,1.2,5.2,.238,7.7,1.7,9.5,3.0,AS,antetgi01
230,Joel Embiid,31,PHI,C,33,33,1029,24.9,.606,.220,.470,7.1,19.8,13.3,22.5,1.0,3.2,11.9,33.8,2.4,1.0,3.5,.162,5.0,-0.4,4.7,1.7,,embiijo01
231,Craig Porter Jr.,25,CLE,PG,58,2,1024,13.7,.516,.355,.154,8.1,12.6,10.3,23.0,2.6,2.9,17.8,12.4,1.1,1.4,2.5,.116,0.0,2.2,2.2,1.1,,portecr01
232,Landry Shamet,28,NYK,SG,44,11,1022,11.8,.612,.732,.225,1.9,6.9,4.4,8.6,1.2,0.8,7.0,16.0,1.6,0.9,2.5,.116,0.0,0.1,0.1,0.5,,shamela01
233,Christian Braun,24,DEN,SG,32,32,1021,11.5,.577,.367,.292,5.7,11.4,8.6,12.1,1.0,0.9,10.9,14.4,1.2,0.5,1.7,.082,-1.0,-0.9,-1.8,0.1,,braunch01
234,Marvin Bagley III,26,2TM,PF,51,10,1020,19.7,.647,.091,.368,13.7,19.4,16.5,10.6,1.1,3.2,12.2,18.5,2.3,0.7,3.0,.142,1.2,-1.1,0.1,0.5,,baglema01
234,Marvin Bagley III,26,WAS,PF,38,8,731,20.6,.667,.077,.394,13.9,17.5,15.7,11.8,1.3,3.3,13.2,19.0,1.9,0.3,2.2,.145,1.9,-1.1,0.8,0.5,,baglema01
234,Marvin Bagley III,26,DAL,PF,13,2,289,17.3,.593,.125,.302,13.1,24.0,18.6,7.7,0.7,3.2,9.2,17.4,0.5,0.3,0.8,.133,-0.6,-1.2,-1.8,0.0,,baglema01
235,Simone Fontecchio,30,MIA,SF,60,5,1012,13.2,.560,.699,.218,4.9,14.2,9.5,11.6,1.5,0.8,9.1,19.9,0.9,1.2,2.2,.103,0.2,0.0,0.2,0.6,,fontesi01
236,Adem Bona,22,PHI,C,58,10,1010,12.4,.623,.028,.497,11.4,16.4,13.9,3.2,1.1,6.6,17.3,10.9,1.0,1.2,2.2,.105,-3.4,0.3,-3.2,-0.3,,bonaad01
237,Jordan Miller,26,LAC,SF,47,0,1003,15.9,.628,.275,.447,5.0,11.2,8.2,14.5,1.7,0.8,12.4,18.2,1.8,0.7,2.5,.120,0.6,-0.6,0.0,0.5,,millejo02
238,Caleb Love,24,POR,SG,45,1,999,11.0,.500,.598,.101,2.7,9.7,6.1,18.6,1.3,0.4,10.7,23.0,0.0,0.6,0.6,.027,-1.2,-1.7,-2.9,-0.2,,loveca01
239,Coby White,25,2TM,SG,37,26,999,14.6,.576,.516,.377,1.1,12.5,6.9,24.6,1.1,0.4,15.2,27.6,0.5,0.6,1.0,.050,-0.7,-2.1,-2.8,-0.2,,whiteco01
239,Coby White,25,CHI,SG,29,26,843,14.4,.586,.529,.392,0.9,12.6,6.8,24.0,1.1,0.2,16.0,27.4,0.3,0.4,0.7,.042,-1.0,-2.3,-3.3,-0.3,,whiteco01
239,Coby White,25,CHO,SG,8,0,156,15.9,.529,.452,.310,2.2,12.1,7.2,27.7,1.3,1.8,11.2,29.1,0.2,0.1,0.3,.092,0.5,-0.7,-0.3,0.1,,whiteco01
240,Jordan Walsh,21,BOS,PF,58,20,998,13.6,.636,.443,.217,8.6,17.3,13.0,5.7,2.1,2.4,11.7,11.9,1.6,1.5,3.2,.153,-1.3,1.4,0.1,0.5,,walshjo01
241,Drake Powell,20,BRK,SG,51,13,995,7.5,.540,.521,.241,1.8,8.4,5.0,11.2,1.2,0.9,15.3,14.9,-0.2,0.3,0.1,.003,-4.4,-1.4,-5.8,-1.0,,poweldr01
242,Mouhamed Gueye,23,ATL,PF,65,5,994,12.0,.533,.424,.244,8.4,16.8,12.6,7.2,2.6,2.8,9.8,12.9,0.6,1.5,2.1,.102,-2.9,1.1,-1.8,0.0,,gueyemo02
243,Nolan Traoré,19,BRK,PG,45,22,988,7.3,.480,.377,.190,1.5,7.1,4.2,25.4,1.5,1.4,19.6,20.9,-1.5,0.3,-1.1,-0.055,-4.9,-2.3,-7.2,-1.3,,traorno01
244,Andre Drummond,32,PHI,C,50,24,987,16.2,.542,.255,.281,17.9,30.4,24.1,7.3,1.5,3.6,14.5,15.0,1.1,1.5,2.6,.128,-0.7,-0.4,-1.2,0.2,,drumman01
245,Daniss Jenkins,24,DET,PG,57,8,986,12.4,.506,.352,.253,3.5,8.5,6.0,23.9,2.5,1.0,15.1,21.1,0.1,1.4,1.6,.076,-1.9,0.4,-1.4,0.1,,jenkida01
246,Jaxson Hayes,25,LAL,C,56,8,986,17.3,.754,.010,.483,10.1,15.9,13.1,7.1,1.1,3.1,9.0,12.3,3.0,0.9,3.9,.188,0.3,0.2,0.4,0.6,,hayesja02
247,Miles McBride,25,NYK,SG,35,14,981,13.5,.592,.671,.119,2.5,7.8,5.1,13.7,1.5,0.6,6.8,17.7,1.7,0.9,2.7,.130,1.2,0.1,1.3,0.8,,mcbrimi01
248,Darius Garland,26,2TM,PG,33,31,981,16.5,.574,.453,.195,1.7,7.3,4.5,35.2,1.4,0.3,15.5,27.1,1.2,0.6,1.8,.089,1.7,-2.6,-0.9,0.3,,garlada01
248,Darius Garland,26,CLE,PG,26,26,792,15.6,.567,.435,.210,1.7,7.1,4.4,33.3,1.3,0.4,15.1,25.7,0.9,0.5,1.4,.088,0.9,-2.5,-1.5,0.1,,garlada01
248,Darius Garland,26,LAC,PG,7,5,189,20.1,.599,.514,.147,1.9,8.4,5.2,42.8,2.1,0.0,17.1,32.8,0.2,0.1,0.4,.094,4.8,-3.2,1.6,0.2,,garlada01
249,Jarred Vanderbilt,26,LAL,PF,55,3,978,11.0,.543,.417,.228,9.1,20.8,15.1,9.0,2.3,1.7,17.8,12.3,0.3,1.2,1.6,.076,-2.5,0.7,-1.9,0.0,,vandeja01
250,Derrick Jones Jr.,28,LAC,SF,36,31,976,14.2,.614,.427,.260,4.9,8.2,6.6,6.9,1.8,3.9,8.3,15.9,1.4,0.8,2.2,.107,0.0,0.0,0.0,0.5,,jonesde02
251,Mitchell Robinson,27,NYK,C,50,15,974,20.4,.657,.000,.528,24.6,25.7,25.2,6.2,2.2,5.7,14.8,10.3,2.7,2.0,4.7,.229,1.8,1.3,3.1,1.2,,robinmi01
252,Hugo González,19,BOS,SF,63,3,970,10.2,.553,.468,.117,6.5,17.9,12.3,5.0,2.0,2.1,12.7,12.0,0.4,1.5,1.9,.095,-3.3,1.5,-1.8,0.0,,gonzahu01
253,Gradey Dick,22,TOR,SG,63,1,949,10.7,.543,.508,.242,4.4,11.4,7.9,5.9,2.1,0.6,9.1,17.9,0.3,1.1,1.4,.069,-3.1,-0.3,-3.4,-0.3,,dickgr01
254,Isaiah Hartenstein,27,OKC,C,37,36,935,19.4,.638,.024,.371,14.2,25.2,19.9,19.3,1.9,3.1,19.3,16.6,2.0,2.2,4.2,.215,0.8,2.8,3.6,1.3,,harteis01
255,Al Horford,39,GSW,C,43,12,933,14.9,.554,.633,.084,5.1,20.4,12.6,16.9,1.6,4.9,11.3,16.5,0.8,1.3,2.1,.110,0.4,1.4,1.8,0.9,,horfoal01
256,GG Jackson II,21,MEM,PF,45,18,926,15.1,.587,.383,.276,4.6,17.8,11.2,10.6,1.4,3.5,13.3,22.2,0.3,0.9,1.2,.062,-0.7,-0.8,-1.5,0.1,,jacksgg01
257,Jericho Sims,27,MIL,C,52,10,923,11.6,.819,.000,.296,10.7,19.9,15.4,8.4,0.5,1.4,28.6,8.7,1.5,0.6,2.0,.105,-2.7,-0.8,-3.5,-0.4,,simsje01
258,Corey Kispert,26,2TM,SF,47,9,920,13.2,.611,.594,.245,2.4,10.9,6.6,12.0,0.7,0.7,9.2,18.2,1.2,0.3,1.6,.082,0.1,-1.9,-1.8,0.0,,kispeco01
258,Corey Kispert,26,WAS,SF,19,2,370,14.1,.649,.639,.286,1.7,11.1,6.3,12.3,1.0,0.7,9.5,16.7,0.7,0.0,0.7,.085,1.0,-2.1,-1.0,0.1,,kispeco01
258,Corey Kispert,26,ATL,SF,28,7,550,12.6,.589,.569,.223,2.9,10.7,6.8,11.8,0.5,0.7,9.0,19.3,0.6,0.3,0.9,.080,-0.5,-1.8,-2.3,0.0,,kispeco01
259,Jared McCain,21,2TM,SG,53,1,917,11.5,.549,.539,.127,2.1,11.4,6.7,11.7,1.7,0.2,10.6,20.3,0.2,0.9,1.1,.056,-1.6,-0.6,-2.2,0.0,,mccaija01
259,Jared McCain,21,PHI,SG,37,1,620,9.5,.506,.515,.108,1.0,12.5,6.7,14.1,1.7,0.3,11.0,18.6,-0.2,0.5,0.3,.024,-2.9,-0.8,-3.8,-0.3,,mccaija01
259,Jared McCain,21,OKC,SG,16,0,297,15.5,.620,.580,.159,4.2,9.1,6.7,6.6,1.6,0.0,9.8,23.9,0.3,0.4,0.8,.122,1.3,-0.3,1.1,0.2,,mccaija01
260,Tyus Jones,29,3TM,PG,60,10,915,8.2,.441,.630,.045,1.2,6.5,3.8,21.0,1.9,0.3,9.7,10.5,0.2,0.8,1.0,.052,-3.0,0.5,-2.4,-0.1,,jonesty01
260,Tyus Jones,29,ORL,PG,48,8,754,8.5,.448,.646,.038,1.3,6.5,3.9,19.8,2.1,0.4,8.0,9.8,0.3,0.7,1.0,.066,-2.7,1.1,-1.6,0.1,,jonesty01
260,Tyus Jones,29,DAL,PG,8,2,133,8.8,.444,.559,.059,0.8,6.2,3.6,29.4,1.1,0.0,12.5,12.6,0.0,0.1,0.1,.033,-3.1,-1.3,-4.3,-0.1,,jonesty01
260,Tyus Jones,29,DEN,PG,4,0,28,-3.1,.296,.625,.125,0.0,7.7,4.0,13.2,0.0,0.0,26.2,17.8,-0.1,0.0,-0.1,-0.229,-9.0,-5.7,-14.7,-0.1,,jonesty01
261,Caris LeVert,31,DET,SG,47,0,912,10.3,.511,.479,.215,2.0,8.1,5.0,17.5,2.2,3.3,16.4,18.0,-0.3,1.3,1.1,.056,-2.2,1.3,-0.9,0.3,,leverca01
262,Luka Garza,27,BOS,C,58,4,906,18.9,.679,.372,.368,15.4,11.3,13.4,8.6,1.2,2.7,10.7,16.6,3.1,1.0,4.1,.217,1.8,0.1,1.9,0.9,,garzalu01
263,Pat Spencer,29,GSW,PG,52,12,905,12.4,.515,.379,.146,4.5,9.9,7.2,28.1,2.0,0.3,15.4,18.5,0.5,0.8,1.3,.069,-1.6,-0.2,-1.8,0.0,,spencpa01
264,Franz Wagner,24,ORL,SF,28,26,891,19.6,.591,.269,.407,5.1,15.0,10.0,18.3,1.6,0.9,8.7,26.3,1.8,1.0,2.7,.148,2.9,0.0,2.9,1.1,,wagnefr01
265,Gary Payton II,33,GSW,SG,61,1,886,16.8,.601,.342,.083,9.7,16.4,13.0,17.3,2.7,2.0,14.0,18.7,1.1,1.2,2.3,.127,-0.1,1.2,1.1,0.7,,paytoga02
266,Ryan Nembhard,22,DAL,PG,48,20,881,10.2,.496,.371,.065,1.1,9.6,5.5,35.4,0.9,0.1,18.6,17.7,-0.1,0.5,0.4,.022,-2.6,-1.8,-4.4,-0.5,,nembhry01
267,Bryce McGowens,23,NOP,SG,42,13,880,11.8,.610,.392,.401,1.5,9.4,5.4,9.5,1.5,1.0,5.7,14.0,1.4,0.3,1.8,.096,-2.0,-0.9,-2.9,-0.2,,mcgowbr01
268,Taylor Hendricks,22,2TM,PF,49,10,879,12.2,.579,.502,.223,7.0,15.1,11.0,7.3,1.7,2.3,11.9,15.8,0.5,0.5,1.0,.056,-1.2,-1.5,-2.7,-0.2,,hendrta01
268,Taylor Hendricks,22,UTA,PF,33,6,492,10.3,.574,.547,.250,6.3,15.8,11.0,6.5,1.3,1.6,12.3,13.6,0.3,0.1,0.4,.036,-1.7,-1.8,-3.5,-0.2,,hendrta01
268,Taylor Hendricks,22,MEM,PF,16,4,387,14.6,.584,.461,.199,7.8,14.4,11.0,8.3,2.2,3.1,11.5,18.6,0.2,0.4,0.6,.081,-0.6,-1.1,-1.7,0.0,,hendrta01
269,Bones Hyland,25,MIN,PG,59,3,871,15.0,.597,.630,.163,2.7,9.2,6.0,24.1,1.7,1.4,12.1,19.6,1.5,0.8,2.4,.131,1.0,0.2,1.2,0.7,,hylanbo01
270,Rayan Rupert,21,2TM,SG,58,3,866,7.4,.490,.470,.145,4.3,13.4,8.8,6.8,2.4,0.6,13.2,13.6,-0.4,0.9,0.5,.028,-5.3,0.1,-5.1,-0.7,,ruperra01
270,Rayan Rupert,21,POR,SG,48,0,577,5.8,.447,.483,.095,4.2,11.9,8.0,7.8,2.4,0.3,15.5,12.7,-0.5,0.6,0.1,.007,-5.8,0.7,-5.2,-0.5,,ruperra01
270,Rayan Rupert,21,MEM,SG,10,3,289,10.6,.558,.448,.230,4.5,16.2,10.3,4.7,2.5,1.3,9.5,15.2,0.1,0.3,0.4,.069,-4.1,-0.9,-5.0,-0.2,,ruperra01
271,Caleb Martin,30,DAL,SF,58,12,856,9.4,.526,.302,.323,3.5,13.9,8.8,12.4,2.2,1.5,15.6,12.5,0.0,1.0,0.9,.053,-4.0,1.7,-2.3,-0.1,,martica02
272,De'Anthony Melton,27,GSW,PG,37,13,843,14.8,.534,.449,.236,3.5,11.5,7.4,16.5,3.4,1.6,12.0,26.4,-0.2,1.2,1.0,.055,-2.1,0.4,-1.8,0.0,,meltode01
273,Cam Thomas,24,2TM,SG,40,8,842,12.9,.530,.369,.360,1.5,7.9,4.6,21.0,0.4,0.3,11.4,30.2,-0.3,0.0,-0.2,-0.013,-0.9,-4.0,-4.9,-0.6,,thomaca02
273,Cam Thomas,24,BRK,SG,24,8,582,12.4,.527,.380,.351,1.7,7.1,4.3,22.4,0.3,0.3,11.9,30.2,-0.2,0.0,-0.2,-0.017,-0.8,-4.3,-5.0,-0.4,,thomaca02
273,Cam Thomas,24,MIL,SG,16,0,260,14.0,.535,.343,.380,0.9,9.8,5.4,17.8,0.6,0.4,10.1,30.3,-0.1,0.0,0.0,-0.003,-1.2,-3.4,-4.7,-0.2,,thomaca02
274,Ochai Agbaji,25,2TM,SG,54,13,841,9.0,.532,.428,.144,5.4,11.3,8.3,7.0,1.3,1.9,10.3,13.9,0.1,0.8,0.9,.053,-3.6,-0.3,-3.9,-0.4,,agbajoc01
274,Ochai Agbaji,25,TOR,SG,42,13,650,7.5,.495,.382,.171,5.6,10.9,8.2,6.1,1.3,1.6,9.4,13.3,0.0,0.7,0.6,.047,-4.8,-0.1,-4.9,-0.5,,agbajoc01
274,Ochai Agbaji,25,BRK,SG,12,0,191,13.9,.642,.559,.068,4.6,12.7,8.5,10.2,1.6,2.9,12.9,15.9,0.2,0.1,0.3,.072,0.6,-0.8,-0.2,0.1,,agbajoc01
275,T.J. McConnell,33,IND,PG,49,2,840,19.8,.553,.107,.062,2.4,11.8,6.9,48.8,2.9,0.8,12.5,23.8,1.2,0.8,1.9,.111,1.4,0.4,1.8,0.8,,mccontj01
276,Alex Caruso,31,OKC,SG,45,0,838,13.6,.543,.589,.171,3.5,11.8,7.8,14.1,3.7,1.8,12.3,16.4,0.3,1.8,2.2,.125,-1.0,3.4,2.4,0.9,,carusal01
277,Nae'Qwan Tomlin,25,CLE,PF,53,2,837,12.7,.533,.364,.201,9.0,10.5,9.8,6.9,2.2,3.2,7.3,15.8,0.8,1.0,1.8,.103,-2.5,0.5,-2.0,0.0,,tomlina01
278,Mike Conley,38,MIN,PG,46,9,831,8.9,.494,.757,.260,2.0,8.4,5.3,19.1,1.5,1.3,12.0,11.4,0.7,0.7,1.4,.081,-2.6,0.7,-1.9,0.0,,conlemi01
279,Jordan Poole,26,NOP,PG,34,6,826,11.6,.530,.647,.258,1.0,8.1,4.6,17.9,1.2,1.6,12.1,25.0,0.0,0.2,0.3,.015,-0.8,-2.4,-3.2,-0.3,,poolejo01
280,Jakob Poeltl,30,TOR,C,32,30,824,17.4,.701,.000,.333,11.9,21.8,16.8,11.6,1.5,2.7,15.7,14.2,1.8,1.2,3.0,.175,0.0,1.3,1.3,0.7,,poeltja01
281,Paul George,35,PHI,PF,27,27,824,15.6,.556,.489,.215,1.8,17.0,9.3,18.1,2.3,1.5,10.2,22.1,0.7,1.0,1.7,.097,0.5,0.4,0.9,0.6,,georgpa01
282,Vince Williams Jr.,25,2TM,SG,40,12,820,10.8,.478,.606,.171,5.1,15.5,10.2,27.3,1.7,1.8,18.2,19.4,-0.3,0.7,0.3,.019,-1.5,0.5,-1.0,0.2,,willivi01
282,Vince Williams Jr.,25,MEM,PG,34,12,736,10.9,.478,.602,.174,5.0,15.1,10.0,27.5,1.7,1.8,18.1,19.6,-0.3,0.6,0.3,.022,-1.5,0.6,-0.9,0.2,,willivi01
282,Vince Williams Jr.,25,UTA,SG,6,0,84,9.9,.470,.643,.143,6.4,18.5,12.3,25.5,1.1,2.4,19.0,18.1,0.0,0.0,0.0,-0.010,-1.8,-0.4,-2.2,0.0,,willivi01
283,Isaiah Jackson,24,2TM,C,49,14,800,16.6,.632,.005,.476,13.4,22.2,17.7,8.2,2.0,4.8,16.7,16.0,1.1,1.0,2.2,.130,-2.4,0.7,-1.7,0.1,,jacksis01
283,Isaiah Jackson,24,IND,C,38,14,638,15.3,.615,.006,.448,14.1,22.0,17.9,7.1,1.9,3.9,17.9,16.0,0.7,0.8,1.4,.108,-3.1,0.3,-2.8,-0.1,,jacksis01
283,Isaiah Jackson,24,LAC,C,11,0,162,21.7,.698,.000,.585,10.4,23.0,16.9,12.3,2.1,8.2,12.0,16.0,0.5,0.3,0.7,.217,0.2,2.3,2.5,0.2,,jacksis01
284,Robert Williams,28,POR,C,47,1,795,23.0,.744,.101,.212,14.3,29.6,21.8,9.3,1.9,8.3,15.3,13.0,2.1,1.5,3.6,.218,2.6,2.6,5.2,1.5,,williro04
285,Keegan Murray,25,SAC,PF,23,22,793,11.7,.499,.373,.163,4.5,14.3,9.3,6.8,1.5,4.1,7.7,18.7,-0.2,0.4,0.2,.013,-2.1,-1.0,-3.1,-0.2,,murrake02
286,Nikola Jović,22,MIA,PF,45,1,791,9.8,.485,.531,.331,3.2,16.6,9.9,16.6,1.5,1.9,15.7,21.2,-0.8,1.1,0.2,.015,-3.3,0.2,-3.0,-0.2,,jovicni01
287,Karlo Matković,24,NOP,PF,55,2,780,17.6,.732,.374,.179,8.5,19.2,13.8,8.6,1.3,5.9,12.1,12.8,1.9,0.8,2.6,.161,0.9,0.6,1.5,0.7,,matkoka01
288,Clint Capela,31,HOU,C,61,2,774,17.7,.537,.000,.330,19.2,21.4,20.3,6.9,1.9,6.1,13.5,13.7,1.1,1.4,2.4,.152,-0.5,0.8,0.3,0.4,,capelca01
289,Buddy Hield,33,2TM,SG,45,3,773,12.4,.560,.651,.113,3.6,11.8,7.7,12.5,2.3,1.1,12.0,19.6,0.2,0.8,1.0,.061,-1.2,0.0,-1.2,0.2,,hieldbu01
289,Buddy Hield,33,GSW,SG,44,3,768,12.6,.562,.650,.113,3.7,11.9,7.7,12.6,2.3,1.1,11.8,19.6,0.2,0.8,1.0,.064,-1.0,0.0,-1.0,0.2,,hieldbu01
289,Buddy Hield,33,ATL,SG,1,0,5,-16.5,.000,1.000,.000,0.0,0.0,0.0,0.0,0.0,0.0,50.0,16.7,0.0,0.0,0.0,-0.465,-17.5,-8.6,-26.2,0.0,,hieldbu01
290,Tyrese Martin,26,2TM,SG,44,6,771,10.3,.499,.598,.101,4.9,12.7,8.6,15.7,1.6,0.7,12.2,18.5,-0.3,0.4,0.1,.007,-1.9,-1.4,-3.3,-0.3,,martity01
290,Tyrese Martin,26,BRK,SG,37,6,696,10.9,.507,.596,.102,5.1,12.9,8.8,15.6,1.6,0.5,11.0,18.7,-0.1,0.3,0.2,.016,-1.4,-1.6,-3.0,-0.2,,martity01
290,Tyrese Martin,26,PHI,SG,7,0,75,5.4,.411,.619,.095,2.9,10.5,6.6,16.1,1.9,2.5,24.2,16.3,-0.2,0.1,-0.1,-0.076,-5.9,-0.3,-6.2,-0.1,,martity01
291,Justin Edwards,22,PHI,SF,51,8,769,11.8,.572,.573,.128,3.2,8.7,6.0,11.8,2.7,1.2,10.8,15.2,0.6,0.7,1.4,.085,-1.9,0.8,-1.2,0.2,,edwarju01
292,Guerschon Yabusele,30,2TM,C,57,12,765,10.9,.546,.628,.209,6.0,19.0,12.6,8.5,1.2,1.3,11.4,15.9,0.3,0.8,1.1,.070,-1.7,-0.4,-2.1,0.0,,yabusgu01
292,Guerschon Yabusele,30,NYK,C,41,0,366,8.6,.499,.636,.112,7.2,19.1,13.1,6.4,0.8,1.4,11.8,14.8,0.0,0.4,0.4,.056,-3.2,-0.6,-3.7,-0.2,,yabusgu01
292,Guerschon Yabusele,30,CHI,C,16,12,399,13.0,.583,.622,.291,4.9,19.0,12.0,10.4,1.5,1.3,11.2,17.0,0.3,0.4,0.7,.083,-0.4,-0.2,-0.6,0.1,,yabusgu01
293,Trendon Watford,25,PHI,PF,45,7,756,12.6,.563,.189,.250,4.9,17.4,11.0,21.3,1.0,2.2,16.8,17.0,0.5,0.7,1.2,.075,-2.2,0.2,-2.0,0.0,,watfotr01
294,Jalen Williams,24,OKC,SG,26,26,755,18.8,.555,.175,.279,2.5,14.4,8.7,28.7,2.1,1.2,10.9,26.4,0.9,1.4,2.3,.148,1.0,1.1,2.0,0.8,,willija06
295,Olivier-Maxence Prosper,23,MEM,PF,43,14,749,15.3,.645,.416,.300,6.4,14.3,10.3,7.9,1.6,1.5,11.6,17.7,1.1,0.6,1.7,.110,0.1,-1.3,-1.2,0.2,,prospol01
296,Aaron Gordon,30,DEN,PF,27,24,749,19.7,.621,.396,.409,6.1,18.1,12.4,13.3,1.1,0.9,7.0,23.1,1.9,0.6,2.5,.160,3.5,-1.2,2.3,0.8,,gordoaa01
297,Jonas Valančiūnas,33,DEN,C,56,5,748,21.1,.631,.059,.345,13.1,27.4,20.5,14.2,0.9,3.7,14.7,25.3,1.5,0.9,2.4,.152,0.0,-0.4,-0.4,0.3,,valanjo01
298,John Konchar,29,2TM,SG,43,5,747,11.5,.529,.581,.171,5.6,15.7,10.6,11.1,3.7,3.1,15.5,8.3,0.4,0.9,1.3,.085,-2.3,3.1,0.8,0.5,,konchjo01
298,John Konchar,29,MEM,SG,30,1,435,12.9,.619,.549,.183,4.9,18.0,11.4,11.8,3.4,2.8,15.4,8.6,0.4,0.6,1.1,.118,-1.2,3.6,2.4,0.5,,konchjo01
298,John Konchar,29,UTA,SG,13,4,312,9.5,.387,.630,.152,6.5,12.4,9.4,10.2,4.2,3.5,15.5,7.7,-0.1,0.3,0.2,.038,-4.0,2.5,-1.5,0.0,,konchjo01
299,Jaylen Clark,24,MIN,SG,59,0,739,10.0,.528,.424,.326,7.2,8.0,7.6,5.6,2.5,1.0,8.3,13.1,0.5,0.8,1.3,.083,-3.4,0.7,-2.7,-0.1,,clarkja02
300,Goga Bitadze,26,ORL,C,49,2,736,20.8,.707,.065,.394,15.0,21.0,18.0,11.2,2.0,6.2,11.1,12.9,2.3,1.3,3.6,.232,1.2,2.3,3.5,1.0,,bitadgo01
301,Kasparas Jakučionis,19,MIA,PG,41,11,733,11.1,.603,.658,.225,4.6,11.0,7.8,16.9,1.8,0.5,17.3,13.7,0.8,0.9,1.6,.107,-1.6,1.1,-0.5,0.3,,jakucka01
302,Josh Green,25,CHO,SG,44,0,732,10.8,.665,.748,.172,5.9,7.4,6.7,7.7,1.8,0.6,14.3,10.9,1.1,0.6,1.7,.109,-1.0,0.7,-0.3,0.3,,greenjo02
303,Steven Adams,32,HOU,C,32,11,730,15.9,.535,.000,.583,22.3,19.6,20.9,8.5,1.5,2.5,16.7,12.1,1.1,1.0,2.1,.139,-0.2,-0.4,-0.6,0.3,,adamsst01
304,Jalen Pickett,26,DEN,SG,43,18,728,10.5,.541,.554,.064,2.9,13.1,8.2,18.5,0.9,0.5,12.1,14.3,0.6,0.4,0.9,.062,-1.0,-1.1,-2.1,0.0,,pickeja02
305,Lonzo Ball,28,CLE,PG,35,3,728,9.5,.432,.835,.119,3.9,17.2,10.6,22.7,3.0,1.2,21.9,13.7,-0.4,1.1,0.7,.045,-2.9,1.8,-1.1,0.2,,balllo01
306,Dwight Powell,34,DAL,C,52,8,711,12.5,.702,.038,1.088,11.4,17.6,14.6,8.7,1.7,2.0,20.8,8.8,1.2,0.8,2.1,.140,-2.8,1.5,-1.3,0.1,,poweldw01
307,Kenrich Williams,31,OKC,PF,45,2,710,14.3,.596,.455,.186,6.8,15.1,11.1,12.3,1.6,0.7,12.0,17.3,0.9,1.2,2.1,.141,0.3,0.5,0.8,0.5,,willike04
308,Micah Peavy,24,NOP,SG,52,1,706,7.9,.435,.398,.084,5.9,8.6,7.2,9.1,2.1,0.8,6.0,14.7,-0.2,0.3,0.1,.009,-4.6,-1.1,-5.7,-0.7,,peavymi01
309,Jabari Walker,23,PHI,PF,56,6,701,12.4,.565,.454,.311,9.9,17.9,13.8,5.7,1.5,1.6,10.1,15.0,0.8,0.7,1.5,.102,-2.1,-0.6,-2.8,-0.1,,walkeja01
310,Gabe Vincent,29,2TM,PG,40,7,699,6.2,.508,.807,.070,2.0,4.0,3.0,10.1,1.3,0.3,7.8,11.8,0.2,0.3,0.5,.035,-3.7,-0.8,-4.5,-0.4,,vincega01
310,Gabe Vincent,29,LAL,PG,29,7,559,5.5,.512,.792,.085,1.5,4.1,2.8,8.3,1.2,0.2,8.2,11.4,0.1,0.2,0.3,.027,-3.9,-1.0,-4.9,-0.4,,vincega01
310,Gabe Vincent,29,ATL,PG,11,0,140,9.1,.495,.854,.024,3.8,3.9,3.8,17.1,1.7,0.6,6.8,13.2,0.1,0.1,0.2,.070,-2.9,0.0,-2.8,0.0,,vincega01
311,Julian Strawther,23,DEN,SG,44,12,672,12.2,.584,.481,.251,1.8,12.6,7.4,9.4,1.5,0.6,9.5,19.0,0.5,0.4,0.9,.065,-1.7,-1.0,-2.7,-0.1,,strawju01
312,Jaden Ivey,23,2TM,SG,37,5,670,13.1,.571,.523,.184,4.0,10.9,7.5,14.0,1.6,2.0,12.9,19.7,0.5,0.8,1.3,.096,-0.2,0.1,-0.1,0.3,,iveyja01
312,Jaden Ivey,23,DET,SG,33,2,555,12.7,.570,.514,.173,3.8,10.5,7.2,13.1,1.3,2.1,12.9,20.3,0.4,0.7,1.1,.092,0.0,0.0,0.0,0.3,,iveyja01
312,Jaden Ivey,23,CHI,SG,4,3,115,15.0,.576,.583,.250,4.7,12.8,8.8,18.6,3.3,1.5,13.1,16.8,0.1,0.1,0.3,.114,-0.8,0.7,-0.1,0.1,,iveyja01
313,Noah Penda,21,ORL,SF,48,2,666,12.7,.529,.431,.265,10.4,18.4,14.4,11.7,2.0,2.3,14.8,15.1,0.3,0.9,1.3,.092,-1.4,0.7,-0.7,0.2,,pendano01
314,Tyler Kolek,24,NYK,PG,55,1,662,11.5,.513,.454,.079,2.5,12.9,7.7,31.5,1.4,0.5,18.3,18.6,0.3,0.7,1.0,.074,-1.4,0.1,-1.4,0.1,,kolekty01
315,Kobe Brown,26,2TM,PF,49,3,656,10.8,.553,.500,.269,8.4,13.9,11.1,10.2,1.1,1.1,15.0,15.8,0.3,0.4,0.7,.049,-2.2,-1.7,-3.9,-0.3,,brownko01
315,Kobe Brown,26,LAC,PF,34,0,295,11.2,.524,.583,.310,7.3,13.4,10.5,12.7,1.5,0.6,13.6,16.6,0.1,0.2,0.3,.055,-1.2,-1.1,-2.3,0.0,,brownko01
315,Kobe Brown,26,IND,PF,15,3,361,10.5,.578,.429,.235,9.3,14.3,11.7,8.2,0.8,1.4,16.3,15.1,0.2,0.2,0.3,.045,-3.1,-2.1,-5.2,-0.3,,brownko01
316,Jamir Watkins,24,WAS,SG,35,4,654,11.1,.552,.528,.236,5.5,14.3,9.8,7.3,2.3,2.2,9.7,13.9,0.4,0.3,0.7,.051,-3.4,-0.4,-3.9,-0.3,,watkija01
317,Rob Dillingham,21,2TM,PG,51,0,653,7.0,.425,.285,.133,2.5,12.2,7.5,23.6,2.7,0.4,18.8,22.7,-1.5,0.7,-0.8,-0.061,-7.1,-0.3,-7.4,-0.9,,dilliro01
317,Rob Dillingham,21,MIN,PG,35,0,326,6.1,.404,.234,.142,1.7,11.9,6.9,24.0,2.8,0.8,19.4,24.1,-1.0,0.4,-0.5,-0.080,-7.9,-0.4,-8.3,-0.5,,dilliro01
317,Rob Dillingham,21,CHI,PG,16,0,327,7.9,.448,.341,.124,3.3,12.5,8.0,23.1,2.6,0.0,18.1,21.3,-0.6,0.3,-0.3,-0.041,-6.3,-0.3,-6.6,-0.4,,dilliro01
318,Micah Potter,27,IND,C,35,3,652,16.5,.668,.590,.341,6.4,20.1,13.0,11.3,1.2,1.6,11.6,17.3,1.3,0.5,1.8,.135,1.2,-0.7,0.4,0.4,,pottemi01
319,Jaden Hardy,23,2TM,SG,46,4,652,10.6,.556,.591,.205,2.3,9.0,5.7,8.7,0.9,0.5,12.1,24.5,-0.3,0.2,-0.1,-0.006,-2.0,-2.7,-4.7,-0.5,,hardyja02
319,Jaden Hardy,23,DAL,SG,34,4,428,10.8,.551,.639,.206,2.8,8.7,5.8,9.9,1.0,0.4,11.3,23.4,-0.1,0.3,0.2,.017,-1.9,-1.9,-3.8,-0.2,,hardyja02
319,Jaden Hardy,23,WAS,SG,12,0,224,10.4,.564,.509,.202,1.4,9.6,5.5,6.3,0.6,0.8,13.3,26.7,-0.2,0.0,-0.2,-0.050,-2.2,-4.3,-6.5,-0.3,,hardyja02
320,Josh Minott,23,2TM,PF,41,10,648,15.4,.641,.592,.235,7.5,15.1,11.3,7.8,2.4,2.6,13.2,15.2,1.0,0.9,2.0,.147,0.9,1.0,1.9,0.6,,minotjo01
320,Josh Minott,23,BOS,PF,33,10,526,15.7,.651,.566,.191,8.4,16.0,12.3,8.4,2.3,2.3,11.9,13.8,1.1,0.8,1.9,.172,0.9,1.3,2.2,0.6,,minotjo01
320,Josh Minott,23,BRK,SF,8,0,122,14.4,.610,.674,.372,3.6,11.0,7.1,5.3,2.8,3.8,16.7,21.4,0.0,0.1,0.1,.039,1.0,-0.5,0.5,0.1,,minotjo01
321,Paul Reed,26,DET,C,50,8,646,22.9,.633,.129,.300,17.5,20.4,19.0,12.1,3.2,6.6,15.1,19.9,1.4,1.5,2.9,.215,1.4,2.6,4.1,1.0,,reedpa01
322,Dylan Cardwell,24,SAC,C,31,1,644,15.3,.596,.009,.368,16.0,25.0,20.4,7.8,1.7,6.6,15.3,10.3,1.0,0.7,1.7,.127,-2.7,1.0,-1.7,0.0,,cardwdy01
323,Johnny Furphy,21,IND,SG,35,21,643,9.3,.547,.477,.235,5.2,21.1,12.9,8.8,1.5,0.9,15.0,12.7,0.0,0.5,0.5,.038,-3.9,0.1,-3.8,-0.3,,furphjo01
324,Tyler Herro,26,MIA,SG,21,16,643,18.4,.610,.399,.213,1.7,13.8,7.7,19.0,1.2,1.1,9.8,25.8,1.0,0.7,1.8,.132,3.2,0.0,3.2,0.9,,herroty01
325,Ousmane Dieng,22,2TM,C,42,7,630,10.6,.536,.552,.080,3.2,14.3,8.9,13.7,0.9,2.0,10.7,16.2,0.2,0.7,0.9,.065,-1.4,-0.2,-1.6,0.1,,diengou01
325,Ousmane Dieng,22,OKC,C,27,0,295,10.1,.534,.538,.066,3.1,12.0,7.7,12.6,0.3,2.3,7.9,14.9,0.2,0.4,0.6,.097,-1.5,0.1,-1.5,0.0,,diengou01
325,Ousmane Dieng,22,MIL,C,15,7,335,11.1,.538,.564,.091,3.4,16.2,9.9,14.6,1.5,1.8,12.9,17.4,0.0,0.2,0.3,.037,-1.3,-0.4,-1.8,0.0,,diengou01
326,Anthony Davis,32,DAL,PF,20,20,626,21.7,.551,.111,.243,10.7,26.2,18.6,15.1,1.7,4.4,10.0,27.5,0.4,1.0,1.4,.109,1.5,0.9,2.4,0.7,,davisan02
327,Tre Mann,24,CHO,PG,43,1,624,8.3,.462,.520,.090,3.7,12.2,8.0,19.2,1.7,0.7,14.7,23.0,-0.7,0.6,-0.1,-0.006,-4.2,-1.0,-5.2,-0.5,,manntr01
328,Quenton Jackson,27,IND,PG,36,10,624,13.9,.592,.401,.392,3.4,10.6,6.9,19.6,1.5,0.8,13.3,20.4,0.7,0.3,1.0,.076,-1.2,-0.7,-2.0,0.0,,jacksqu01
329,Nick Richards,28,2TM,C,44,3,619,12.4,.565,.074,.520,12.4,25.5,18.9,3.6,0.8,4.6,20.1,18.4,-0.2,0.8,0.6,.047,-4.9,-1.0,-6.0,-0.6,,richani01
329,Nick Richards,28,PHO,C,28,2,254,11.5,.534,.000,.394,14.8,25.2,19.9,4.4,0.8,5.3,23.1,18.1,-0.2,0.4,0.2,.038,-6.0,-0.9,-6.9,-0.3,,richani01
329,Nick Richards,28,CHI,C,16,1,365,13.0,.585,.125,.606,10.7,25.6,18.3,3.0,0.8,4.0,18.0,18.5,0.0,0.4,0.4,.054,-4.2,-1.1,-5.3,-0.3,,richani01
330,Jalen Wilson,25,BRK,PF,44,0,618,7.9,.539,.639,.267,1.4,12.0,6.5,6.6,1.4,0.3,10.1,16.7,-0.1,0.2,0.1,.009,-3.7,-2.0,-5.6,-0.6,,wilsoja03
331,Gary Harris,31,MIL,SG,44,2,609,7.6,.598,.670,.102,2.4,7.8,5.2,9.4,1.9,1.1,14.8,7.8,0.4,0.3,0.7,.056,-3.4,0.7,-2.7,-0.1,,harriga01
332,Javon Small,23,MEM,PG,32,5,607,16.6,.596,.474,.325,4.6,12.4,8.5,27.9,2.0,1.2,13.7,18.9,1.2,0.5,1.7,.133,1.7,-0.5,1.2,0.5,,smallja01
333,Kevin Love,37,UTA,PF,36,5,598,15.2,.575,.710,.218,9.5,29.3,19.2,15.0,1.1,1.5,12.1,16.6,0.9,0.3,1.2,.096,1.3,-0.8,0.5,0.4,,loveke01
334,Jonathan Kuminga,23,2TM,PF,25,14,594,14.1,.565,.263,.411,7.2,21.9,14.4,15.7,1.0,1.1,17.2,23.9,0.0,0.6,0.7,.053,-1.8,-0.8,-2.5,-0.1,,kuminjo01
334,Jonathan Kuminga,23,GSW,PF,20,13,476,12.5,.543,.273,.340,6.6,20.6,13.5,15.7,0.8,1.2,17.1,23.9,-0.2,0.5,0.3,.026,-2.4,-1.2,-3.6,-0.2,,kuminjo01
334,Jonathan Kuminga,23,ATL,PF,5,1,118,20.7,.656,.214,.738,9.9,26.8,18.3,15.6,2.0,0.8,17.7,23.9,0.2,0.2,0.4,.160,1.0,0.9,1.9,0.1,,kuminjo01
335,Carter Bryant,20,SAS,PF,57,0,590,9.5,.505,.590,.166,5.4,18.3,12.0,5.6,0.9,2.1,8.3,17.1,0.0,0.8,0.8,.063,-3.3,-0.5,-3.8,-0.3,,bryanca01
336,Ben Saraf,19,BRK,SG,32,6,587,6.8,.478,.345,.316,1.7,8.1,4.7,25.0,2.2,0.8,25.0,19.3,-1.1,0.3,-0.8,-0.062,-5.9,-1.5,-7.4,-0.8,,sarafbe01
337,Kyle Anderson,32,3TM,SF,30,3,578,13.6,.603,.043,.391,4.7,14.4,9.5,17.8,2.5,2.7,15.2,13.7,0.7,0.5,1.1,.094,-1.5,1.0,-0.5,0.2,,anderky01
337,Kyle Anderson,32,UTA,SF,20,0,401,14.3,.565,.046,.349,5.1,13.0,9.0,21.0,2.7,2.5,11.9,14.7,0.5,0.2,0.8,.090,-0.9,0.7,-0.2,0.2,,anderky01
337,Kyle Anderson,32,MEM,SF,4,3,89,15.1,.821,.053,.421,3.6,13.5,8.5,4.8,3.2,4.2,23.7,13.8,0.1,0.1,0.2,.113,-2.5,1.4,-1.0,0.0,,anderky01
337,Kyle Anderson,32,MIN,SF,6,0,88,8.5,.592,.000,.800,3.9,22.1,13.2,16.5,1.1,2.0,27.0,8.9,0.1,0.1,0.2,.094,-3.2,2.0,-1.1,0.0,,anderky01
338,Tidjane Salaün,20,CHO,PF,36,0,571,13.1,.632,.525,.253,5.2,23.9,14.7,6.7,1.4,1.1,12.5,14.8,0.7,0.7,1.4,.116,-1.0,0.3,-0.7,0.2,,salauti01
339,Jevon Carter,30,2TM,PG,38,0,571,11.1,.546,.738,.083,1.7,9.5,5.6,14.6,2.0,1.4,10.9,17.7,0.1,0.5,0.6,.054,-1.3,0.2,-1.1,0.1,,carteje01
339,Jevon Carter,30,CHI,PG,23,0,254,12.5,.577,.757,.097,2.1,8.7,5.5,10.5,2.4,0.7,9.3,19.6,0.1,0.2,0.3,.061,-0.6,-0.3,-0.9,0.1,,carteje01
339,Jevon Carter,30,ORL,PG,15,0,317,9.9,.514,.718,.068,1.4,10.2,5.8,17.9,1.7,2.0,12.4,16.2,0.0,0.3,0.3,.048,-1.8,0.5,-1.3,0.1,,carteje01
340,Ja Morant,26,MEM,PG,20,20,569,16.7,.521,.264,.363,1.5,10.9,6.2,44.6,1.7,1.0,16.0,32.4,0.1,0.4,0.5,.038,0.5,-2.0,-1.5,0.1,,moranja01
341,Zeke Nnaji,25,DEN,PF,46,3,566,10.7,.566,.350,.321,6.3,18.0,12.4,5.5,1.4,3.4,13.8,14.0,0.2,0.6,0.8,.067,-3.3,-0.1,-3.5,-0.2,,nnajize01
342,Thomas Bryant,28,CLE,C,50,0,564,17.9,.621,.522,.282,8.5,21.1,14.8,7.2,1.3,3.8,7.5,18.9,1.2,0.8,2.0,.170,1.0,-0.4,0.6,0.4,,bryanth01
343,Domantas Sabonis,29,SAC,C,19,15,564,19.2,.590,.122,.348,12.3,30.8,21.3,21.3,1.5,0.6,16.7,23.0,0.7,0.5,1.2,.098,0.7,-0.1,0.6,0.4,,sabondo01
344,Jett Howard,22,ORL,SF,45,0,563,11.4,.550,.585,.174,3.5,11.3,7.4,9.9,0.7,1.6,5.1,17.7,0.6,0.5,1.0,.088,-1.0,-1.0,-2.0,0.0,,howarje01
345,Aaron Holiday,29,HOU,PG,43,1,558,9.6,.546,.635,.188,1.4,6.1,3.8,9.8,1.7,0.7,10.5,18.0,0.4,0.5,0.9,.079,-2.9,-0.4,-3.2,-0.2,,holidaa01
346,Dorian Finney-Smith,32,HOU,PF,31,1,553,5.2,.443,.763,.044,5.9,10.7,8.3,6.9,1.4,1.0,15.3,10.4,-0.1,0.5,0.4,.033,-4.7,0.1,-4.6,-0.4,,finnedo01
347,Drew Eubanks,28,SAC,C,42,11,552,13.6,.605,.045,.365,7.6,18.2,12.8,5.0,1.3,4.3,14.2,16.2,0.3,0.4,0.6,.056,-3.0,-0.7,-3.8,-0.2,,eubandr01
348,Tristan Vukcevic,22,WAS,C,42,8,552,17.4,.593,.436,.342,4.9,19.1,11.9,13.9,1.5,4.6,15.0,26.3,0.2,0.3,0.6,.052,0.3,-0.7,-0.5,0.2,,vukcetr01
349,Anthony Gill,33,WAS,PF,40,1,528,12.0,.627,.243,.200,7.2,12.6,9.9,10.0,1.5,2.0,15.0,11.6,0.6,0.1,0.7,.068,-2.2,-1.2,-3.4,-0.2,,gillan01
350,Cole Anthony,25,MIL,PG,35,0,527,10.8,.483,.312,.113,3.5,14.9,9.3,34.4,1.9,2.1,21.1,25.8,-0.9,0.4,-0.4,-0.039,-3.8,-0.9,-4.8,-0.4,,anthoco01
351,Jonathan Isaac,28,ORL,PF,52,0,521,11.7,.498,.349,.532,9.1,19.0,14.0,5.5,1.9,5.3,11.8,12.4,0.1,0.8,0.9,.087,-2.8,1.3,-1.5,0.1,,isaacjo01
352,Kristaps Porziņģis,30,2TM,C,22,13,521,21.4,.593,.406,.406,5.3,16.8,11.0,17.8,1.2,5.6,7.0,27.6,1.2,0.7,1.9,.176,2.8,1.2,4.0,0.8,,porzikr01
352,Kristaps Porziņģis,30,ATL,C,17,12,413,20.6,.592,.410,.386,5.4,17.5,11.3,16.7,1.0,4.8,6.1,26.4,1.0,0.5,1.5,.174,2.7,0.8,3.5,0.6,,porzikr01
352,Kristaps Porziņģis,30,GSW,C,5,1,108,24.7,.597,.393,.475,5.0,14.5,9.6,21.8,1.8,8.5,9.8,32.0,0.2,0.2,0.4,.183,3.4,2.5,5.9,0.2,,porzikr01
353,Jordan Hawkins,23,NOP,SG,43,0,517,5.2,.429,.569,.110,3.1,10.5,6.8,6.9,0.7,1.3,10.8,17.1,-0.7,0.1,-0.6,-0.058,-4.5,-3.2,-7.6,-0.7,,hawkijo01
354,Jamaree Bouyea,26,PHO,PG,34,0,516,14.5,.547,.343,.171,3.1,10.9,6.9,17.4,2.4,2.6,9.7,17.8,0.5,0.6,1.1,.106,-0.5,1.3,0.8,0.4,,bouyeja01
355,Jase Richardson,20,ORL,SG,45,0,512,11.0,.566,.437,.228,4.1,7.4,5.7,14.3,1.4,0.4,11.6,17.2,0.4,0.4,0.8,.073,-2.1,-1.0,-3.0,-0.1,,richaja02
356,Dalton Knecht,24,LAL,SF,48,1,509,9.4,.550,.580,.115,3.1,12.3,7.8,4.4,1.0,1.8,9.9,17.4,-0.1,0.3,0.3,.026,-2.6,-1.7,-4.3,-0.3,,knechda01
357,Jalen Green,23,PHO,SG,20,15,501,14.3,.507,.481,.164,1.7,14.2,7.8,16.8,2.4,0.2,11.5,33.3,-0.6,0.6,0.0,-0.002,-1.0,-1.2,-2.2,0.0,,greenja05
358,Mohamed Diawara,20,NYK,SF,58,6,499,10.4,.557,.611,.069,2.9,14.5,8.6,9.8,1.4,1.2,12.2,17.5,0.1,0.6,0.7,.070,-1.7,0.1,-1.6,0.1,,diawamo01
359,D'Angelo Russell,29,DAL,PG,26,3,495,12.4,.511,.483,.259,1.7,11.1,6.5,31.2,1.1,0.3,15.9,26.1,-0.3,0.3,0.0,.001,-0.7,-1.6,-2.3,0.0,,russeda01
360,Dalen Terry,23,2TM,SG,42,0,492,11.6,.525,.444,.203,4.8,12.3,8.6,15.9,2.5,2.7,14.2,14.4,0.1,0.5,0.7,.064,-2.2,0.9,-1.3,0.1,,terryda01
360,Dalen Terry,23,CHI,SG,34,0,377,11.7,.539,.451,.167,5.5,12.5,9.1,15.1,2.8,2.5,16.1,14.5,0.1,0.4,0.5,.062,-2.4,1.1,-1.3,0.1,,terryda01
360,Dalen Terry,23,PHI,SG,8,0,115,11.2,.480,.419,.323,2.8,11.7,7.2,18.6,1.7,3.3,7.8,14.1,0.1,0.1,0.2,.073,-1.5,0.2,-1.4,0.0,,terryda01
361,Daeqwon Plowden,27,SAC,SG,20,2,486,9.5,.524,.635,.176,5.1,10.1,7.5,6.4,1.3,0.7,5.9,14.8,0.3,0.1,0.4,.035,-3.2,-2.1,-5.3,-0.4,,plowdda01
362,Keaton Wallace,26,ATL,PG,46,2,476,10.8,.532,.592,.095,0.7,10.8,5.7,22.6,2.1,1.0,13.1,15.4,0.2,0.5,0.7,.072,-2.6,0.4,-2.2,0.0,,wallake01
363,Grant Williams,27,CHO,PF,24,3,471,13.6,.599,.733,.305,7.5,15.3,11.5,12.8,1.2,2.1,12.4,15.2,0.8,0.5,1.3,.134,0.9,0.7,1.6,0.4,,willigr01
364,Jahmai Mashack,23,MEM,SG,24,3,449,7.2,.446,.397,.135,4.3,8.3,6.3,9.4,3.1,2.5,14.7,14.5,-0.5,0.5,-0.1,-0.006,-5.7,0.0,-5.7,-0.4,,mashaja01
365,Trayce Jackson-Davis,25,2TM,C,44,1,449,17.0,.581,.009,.566,15.0,18.2,16.6,11.2,1.6,4.3,11.9,15.1,0.8,0.6,1.4,.149,-0.4,0.4,0.0,0.2,,jackstr02
365,Trayce Jackson-Davis,25,GSW,C,36,1,411,16.0,.601,.010,.510,12.3,17.6,14.9,11.0,1.5,4.2,12.6,14.7,0.7,0.5,1.2,.140,-0.9,0.6,-0.3,0.2,,jackstr02
365,Trayce Jackson-Davis,25,TOR,C,8,0,38,27.0,.430,.000,1.091,43.6,24.0,34.0,13.7,2.6,5.1,5.8,19.5,0.1,0.1,0.2,.240,5.5,-2.2,3.3,0.1,,jackstr02
366,Kam Jones,23,IND,SG,28,7,446,8.3,.494,.441,.068,2.1,8.0,5.0,24.0,1.5,0.0,17.6,14.0,-0.1,0.2,0.1,.006,-4.3,-1.8,-6.1,-0.5,,joneska03
367,Asa Newell,20,ATL,PF,40,1,445,13.6,.628,.463,.168,8.8,10.8,9.8,6.2,1.6,2.7,11.6,16.9,0.5,0.5,1.0,.103,-1.3,-0.6,-1.9,0.0,,newelas01
368,Tyrese Proctor,21,CLE,PG,42,1,436,10.3,.530,.605,.164,1.5,9.3,5.4,17.1,1.9,0.0,12.5,20.9,0.1,0.4,0.4,.047,-3.1,-0.6,-3.7,-0.2,,proctty01
369,Amir Coffey,28,2TM,SG,42,2,432,10.2,.593,.441,.301,4.3,8.8,6.6,6.8,0.9,1.1,4.5,11.1,0.6,0.2,0.8,.090,-2.1,-1.0,-3.1,-0.1,,coffeam01
369,Amir Coffey,28,MIL,SG,30,2,265,8.4,.584,.455,.273,2.6,8.4,5.5,5.5,0.6,1.1,6.1,11.0,0.2,0.1,0.3,.052,-3.2,-2.0,-5.3,-0.2,,coffeam01
369,Amir Coffey,28,PHO,SG,12,0,167,13.1,.606,.421,.342,7.1,9.6,8.3,9.0,1.5,1.1,2.2,11.4,0.4,0.1,0.5,.150,-0.4,0.6,0.3,0.1,,coffeam01
370,Ariel Hukporti,23,NYK,C,48,4,430,10.7,.608,.067,.467,11.5,23.0,17.2,6.9,0.9,5.4,27.2,9.8,0.2,0.7,0.9,.105,-4.1,1.7,-2.4,0.0,,hukpoar01
371,Rasheer Fleming,21,PHO,PF,42,0,425,11.0,.517,.598,.144,10.9,11.3,11.1,3.3,1.3,3.2,9.1,15.4,0.2,0.4,0.6,.071,-2.1,-1.4,-3.5,-0.2,,flemira01
372,Moussa Cisse,23,DAL,C,34,1,425,14.7,.567,.000,.795,17.0,24.1,20.6,2.5,1.3,7.3,18.2,13.5,0.2,0.7,1.0,.107,-4.0,1.0,-3.0,-0.1,,cissemo01
373,Yanic Konan Niederhäuser,22,LAC,C,41,0,424,16.4,.691,.050,.620,10.5,21.3,16.1,4.2,0.6,6.7,15.3,15.7,0.8,0.5,1.3,.150,-2.5,0.3,-2.2,0.0,,konanya01
374,Jamison Battle,24,TOR,SF,49,2,418,9.9,.633,.596,.083,4.5,15.0,9.7,5.8,0.7,0.5,12.4,13.2,0.3,0.4,0.7,.079,-2.0,-0.9,-2.9,-0.1,,battlja01
375,Cam Christie,20,LAC,SG,45,0,417,9.2,.485,.385,.377,4.6,13.8,9.4,8.6,1.4,0.7,10.7,16.9,-0.1,0.3,0.2,.018,-3.3,-1.3,-4.6,-0.3,,chrisca02
376,Ethan Thompson,26,IND,SG,24,6,417,7.0,.482,.625,.142,3.0,8.6,5.7,11.5,1.7,1.2,11.2,14.6,-0.2,0.2,0.0,.003,-4.6,-0.2,-4.7,-0.3,,thompet01
377,Tony Bradley,28,IND,C,38,3,416,13.1,.604,.019,.406,14.1,13.8,13.9,7.0,0.7,1.4,12.0,14.4,0.7,0.2,0.9,.103,-2.4,-1.6,-4.1,-0.2,,bradlto01
378,Jeremy Sochan,22,2TM,PF,38,0,411,10.2,.534,.342,.162,7.5,14.7,11.1,10.5,1.8,1.3,14.4,14.3,0.1,0.6,0.7,.086,-3.4,0.9,-2.5,-0.1,,sochaje01
378,Jeremy Sochan,22,SAS,PF,28,0,358,9.8,.538,.354,.162,8.0,13.8,10.9,10.3,1.3,1.2,14.5,14.6,0.1,0.5,0.6,.081,-3.5,0.4,-3.1,-0.1,,sochaje01
378,Jeremy Sochan,22,NYK,PF,10,0,53,13.2,.505,.250,.167,4.1,21.0,12.5,12.2,4.6,1.9,13.4,11.9,0.0,0.1,0.1,.118,-3.0,4.4,1.4,0.0,,sochaje01
379,Scoot Henderson,21,POR,PG,17,3,394,12.4,.553,.500,.319,3.0,10.0,6.4,26.6,0.8,1.4,18.0,26.9,0.1,0.2,0.3,.037,-1.5,-1.9,-3.4,-0.1,,hendesc01
380,Bogdan Bogdanović,33,LAC,SG,18,3,389,8.3,.500,.609,.180,1.8,13.7,7.9,17.3,1.3,0.2,14.8,18.5,-0.2,0.2,0.1,.008,-2.9,-0.8,-3.7,-0.2,,bogdabo01
381,Devin Carter,23,SAC,PG,27,2,386,13.9,.491,.378,.311,6.2,14.2,10.1,21.3,2.7,1.2,13.5,23.7,-0.2,0.3,0.1,.014,-2.0,-0.4,-2.4,0.0,,cartede02
382,Trae Young,27,2TM,PG,15,15,384,21.2,.612,.452,.548,1.1,7.4,4.2,46.2,1.6,0.5,15.1,28.1,1.2,0.2,1.4,.171,4.2,-1.5,2.7,0.5,,youngtr01
382,Trae Young,27,ATL,PG,10,10,280,19.9,.577,.437,.541,0.0,5.9,2.9,45.5,1.7,0.3,13.5,28.7,0.7,0.2,0.9,.158,3.5,-1.8,1.7,0.3,,youngtr01
382,Trae Young,27,WAS,PG,5,5,104,24.7,.723,.500,.571,4.0,11.4,7.7,48.0,1.4,0.8,19.8,26.3,0.4,0.0,0.4,.207,6.2,-0.8,5.4,0.2,,youngtr01
383,Maxi Kleber,34,LAL,PF,35,1,383,8.5,.545,.367,.367,8.5,11.9,10.2,7.2,1.7,2.4,15.7,9.4,0.2,0.3,0.6,.073,-3.8,0.4,-3.4,-0.1,,klebima01
384,Sharife Cooper,24,WAS,PG,26,0,381,11.5,.578,.303,.288,2.8,10.7,6.7,22.3,1.0,0.5,19.1,20.1,0.1,0.0,0.1,.009,-2.8,-2.9,-5.7,-0.4,,coopesh01
385,Pete Nance,25,MIL,PF,34,0,379,12.9,.692,.613,.019,4.2,15.2,9.8,7.9,1.2,1.3,13.7,14.5,0.4,0.2,0.7,.084,-0.4,-1.1,-1.5,0.0,,nancepe01
386,Branden Carlson,26,OKC,C,35,2,376,15.9,.601,.455,.127,7.2,18.9,13.2,8.0,0.8,4.7,8.4,17.8,0.5,0.7,1.2,.152,-0.2,0.2,0.0,0.2,,carlsbr01
387,Julian Phillips,22,2TM,SF,42,2,364,10.4,.550,.541,.173,6.6,6.9,6.8,2.9,2.7,1.7,7.0,13.1,0.2,0.3,0.5,.071,-2.4,0.4,-1.9,0.0,,phillju01
387,Julian Phillips,22,CHI,SF,35,2,334,9.4,.533,.557,.125,7.1,6.9,7.0,2.7,2.4,1.6,7.0,12.6,0.1,0.3,0.4,.057,-2.8,0.0,-2.8,-0.1,,phillju01
387,Julian Phillips,22,MIN,SF,7,0,30,22.1,.672,.400,.600,0.0,7.2,3.7,4.6,6.4,2.9,7.3,19.2,0.1,0.1,0.1,.228,2.7,4.9,7.7,0.1,,phillju01
388,Jeremiah Robinson-Earl,25,2TM,PF,22,3,361,9.4,.468,.410,.180,10.5,20.6,15.4,5.7,1.2,0.2,10.0,14.0,0.0,0.3,0.2,.032,-3.4,-1.7,-5.2,-0.3,,robinje02
388,Jeremiah Robinson-Earl,25,IND,PF,17,3,300,8.7,.443,.398,.169,11.2,20.9,15.9,5.4,1.1,0.3,10.1,14.0,-0.1,0.2,0.1,.017,-3.5,-1.9,-5.4,-0.3,,robinje02
388,Jeremiah Robinson-Earl,25,DAL,PF,5,0,61,13.0,.586,.471,.235,7.1,18.6,13.0,6.7,1.5,0.0,9.6,14.3,0.1,0.1,0.1,.102,-3.0,-1.1,-4.0,0.0,,robinje02
389,Cam Whitmore,21,WAS,SF,21,0,354,13.8,.528,.331,.183,5.6,11.9,8.7,6.6,2.0,2.0,9.0,23.7,-0.1,0.1,0.0,.004,-1.1,-2.1,-3.2,-0.1,,whitmca01
390,Larry Nance Jr.,33,CLE,PF,29,2,353,8.7,.479,.536,.052,7.7,15.6,11.7,9.7,2.0,1.1,11.6,13.3,0.0,0.4,0.5,.063,-4.1,0.6,-3.5,-0.1,,nancela02
391,Moritz Wagner,28,ORL,C,27,0,352,17.1,.564,.360,.404,7.8,23.1,15.4,9.6,1.9,0.3,7.8,24.8,0.5,0.5,1.0,.133,-0.6,-0.6,-1.1,0.1,,wagnemo01
392,Myron Gardner,24,MIA,SF,36,7,345,16.3,.611,.520,.225,10.7,21.8,16.2,13.7,2.4,1.3,8.9,14.5,0.8,0.6,1.4,.193,-0.2,2.2,1.9,0.3,,gardnmy01
393,Terrence Shannon Jr.,25,MIN,SG,30,0,344,7.5,.550,.455,.327,2.0,7.2,4.7,7.6,1.1,0.3,12.8,16.3,0.0,0.2,0.3,.036,-4.4,-1.3,-5.7,-0.3,,shannte01
394,AJ Johnson,21,2TM,SG,39,0,344,4.5,.402,.341,.175,2.8,11.4,7.1,13.3,1.1,0.2,15.0,19.4,-0.8,0.1,-0.7,-0.103,-6.7,-2.5,-9.2,-0.6,,johnsaj01
394,AJ Johnson,21,WAS,SG,25,0,214,4.4,.396,.301,.145,3.9,11.6,7.7,14.0,1.6,0.0,16.9,20.7,-0.6,0.0,-0.6,-0.131,-7.2,-3.4,-10.6,-0.5,,johnsaj01
394,AJ Johnson,21,DAL,SG,14,0,130,4.8,.411,.419,.233,0.8,11.1,6.1,12.2,0.4,0.6,11.2,17.2,-0.2,0.1,-0.2,-0.058,-5.9,-1.1,-7.0,-0.2,,johnsaj01
395,Liam McNeeley,20,CHO,SF,28,0,342,9.4,.566,.659,.352,3.7,15.9,9.9,9.0,0.7,0.8,10.6,14.0,0.4,0.3,0.6,.088,-1.9,-0.3,-2.2,0.0,,mcneeli01
396,Leonard Miller,22,2TM,SF,32,5,342,15.1,.630,.382,.218,7.1,19.5,13.4,7.9,1.4,2.0,11.7,16.8,0.4,0.3,0.8,.110,-1.2,0.1,-1.0,0.1,,millele01
396,Leonard Miller,22,MIN,SF,19,0,95,12.2,.581,.364,.333,8.3,20.5,14.5,7.6,2.0,0.0,19.2,20.8,0.0,0.1,0.1,.047,-5.2,-0.7,-5.9,-0.1,,millele01
396,Leonard Miller,22,CHI,SF,13,5,247,16.2,.653,.390,.169,6.6,19.1,13.0,8.1,1.1,2.8,7.8,15.3,0.5,0.2,0.7,.135,0.4,0.4,0.8,0.2,,millele01
397,Taelon Peter,23,IND,SG,30,0,335,8.3,.501,.877,.123,1.9,11.1,6.3,12.9,2.3,1.0,14.5,16.5,-0.3,0.2,-0.1,-0.008,-3.7,-0.8,-4.5,-0.2,,peterta01
398,Isaiah Livers,27,PHO,PF,33,0,332,8.2,.490,.639,.197,6.2,14.1,10.0,8.1,1.8,2.3,15.3,10.0,0.1,0.4,0.4,.062,-3.3,1.1,-2.2,0.0,,liveris01
399,Elijah Harkless,25,UTA,SG,19,3,325,7.9,.482,.583,.476,1.6,7.5,4.5,15.7,2.6,0.9,14.3,15.1,-0.1,0.1,0.0,.002,-5.7,-0.6,-6.3,-0.4,,harklej01
400,Kelly Olynyk,34,SAS,C,36,0,322,12.4,.584,.483,.345,7.2,14.0,10.7,16.8,1.9,0.5,18.0,16.0,0.3,0.5,0.7,.111,-1.8,0.9,-1.0,0.1,,olynyke01
401,Nick Smith Jr.,21,LAL,SG,25,1,318,9.2,.530,.519,.083,0.8,6.5,3.7,12.6,1.4,0.6,12.1,21.5,-0.2,0.2,0.0,-0.005,-2.8,-2.3,-5.2,-0.3,,smithni01
402,Christian Koloko,25,3TM,C,23,4,314,9.1,.467,.081,.161,9.5,15.0,12.2,5.6,2.0,6.1,16.4,10.5,-0.1,0.4,0.3,.052,-5.4,1.5,-3.9,-0.1,,kolokch01
402,Christian Koloko,25,LAL,C,2,0,6,-0.4,,,,0.0,19.0,9.8,0.0,0.0,0.0,,0.0,0.0,0.0,0.0,.024,-6.8,-1.7,-8.4,0.0,,kolokch01
402,Christian Koloko,25,MEM,C,11,2,195,9.0,.394,.029,.114,10.5,14.0,12.2,6.5,2.4,6.2,16.0,9.3,-0.1,0.3,0.2,.039,-4.7,1.8,-2.9,0.0,,kolokch01
402,Christian Koloko,25,ATL,C,10,2,113,9.9,.557,.148,.222,8.5,16.4,12.4,4.5,1.3,6.4,16.8,13.1,0.0,0.2,0.2,.075,-6.4,1.1,-5.3,-0.1,,kolokch01
403,Marcus Sasser,25,DET,PG,26,5,312,14.1,.575,.613,.118,2.2,7.7,5.0,21.4,2.9,0.6,13.2,19.1,0.4,0.5,0.9,.133,-0.2,0.9,0.7,0.2,,sassema01
404,Blake Wesley,22,POR,SG,23,0,301,11.2,.524,.300,.330,2.5,8.0,5.2,25.9,2.5,0.9,18.5,18.9,0.0,0.3,0.3,.043,-3.2,0.1,-3.1,-0.1,,weslebl01
405,Jae'Sean Tate,30,HOU,SF,34,0,287,11.0,.567,.308,.090,8.6,9.5,9.1,8.1,1.6,1.0,11.0,13.3,0.3,0.3,0.6,.101,-3.0,-0.2,-3.2,-0.1,,tateja01
406,Zach Edey,23,MEM,C,11,11,284,20.7,.669,.051,.327,16.3,30.3,23.2,6.5,1.2,6.8,18.8,20.2,0.4,0.4,0.9,.144,-0.5,1.2,0.6,0.2,,edeyza01
407,Yang Hansen,20,POR,C,39,1,277,3.3,.402,.430,.312,7.3,15.4,11.3,10.7,0.5,2.9,22.1,19.9,-0.7,0.2,-0.5,-0.091,-8.9,-0.8,-9.8,-0.5,,yangha01
408,Malaki Branham,22,WAS,SG,28,0,275,14.1,.604,.407,.374,4.6,12.5,8.5,11.9,1.7,1.0,12.4,18.4,0.3,0.1,0.4,.069,-0.8,-1.5,-2.3,0.0,,branhma01
409,Ty Jerome,28,MEM,SG,12,12,265,26.7,.628,.470,.321,3.6,9.1,6.3,43.7,2.5,0.7,10.7,33.6,1.0,0.2,1.2,.217,8.4,-0.6,7.7,0.7,,jeromty01
410,Brooks Barnhizer,23,OKC,SG,33,0,259,7.0,.446,.340,.120,4.8,18.5,11.9,8.6,1.1,1.5,13.2,10.1,-0.1,0.5,0.4,.070,-4.1,1.3,-2.8,-0.1,,barnhbr01
411,Duop Reath,29,POR,C,32,0,258,10.6,.613,.743,.081,4.1,11.9,7.9,5.4,0.9,2.8,8.4,13.2,0.3,0.2,0.5,.096,-0.8,-0.2,-1.0,0.1,,reathdu01
412,Kevon Looney,29,NOP,C,18,6,251,13.5,.468,.173,.154,17.8,23.3,20.6,12.8,1.1,3.4,12.6,10.5,0.3,0.2,0.6,.106,-1.4,-0.8,-2.2,0.0,,looneke01
413,Pat Connaughton,33,CHO,SG,32,0,248,13.4,.591,.613,.213,5.5,17.0,11.3,9.7,1.6,0.4,9.9,15.5,0.3,0.3,0.6,.114,0.2,0.0,0.2,0.1,,connapa01
414,KJ Simpson,23,2TM,PG,17,2,246,8.7,.428,.406,.188,3.8,11.7,7.8,24.3,3.2,0.0,18.8,22.0,-0.4,0.3,-0.1,-0.023,-5.0,0.4,-4.6,-0.2,,simpskj01
414,KJ Simpson,23,CHO,PG,14,2,223,7.8,.437,.438,.180,2.6,11.9,7.3,22.3,3.3,0.0,20.0,22.7,-0.5,0.3,-0.2,-0.039,-5.6,0.2,-5.4,-0.2,,simpskj01
414,KJ Simpson,23,DEN,PG,3,0,23,16.6,.317,.000,.286,15.4,9.4,12.3,43.8,2.1,0.0,0.0,14.9,0.1,0.0,0.1,.137,0.7,2.8,3.5,0.0,,simpskj01
415,Cameron Payne,31,PHI,PG,14,1,242,14.9,.513,.640,.120,0.9,10.2,5.5,22.6,3.4,1.6,6.2,19.6,0.2,0.3,0.5,.107,-0.3,1.2,0.9,0.2,,payneca01
416,Ron Harper Jr.,25,BOS,SF,21,2,240,11.4,.540,.813,.027,6.5,9.5,8.0,8.3,0.8,3.4,6.2,14.6,0.3,0.2,0.5,.106,-0.2,0.3,0.1,0.1,,harpero02
417,Taurean Prince,31,MIL,SF,12,0,236,8.3,.621,.709,.055,0.0,9.9,5.0,6.2,1.9,0.8,9.6,11.7,0.1,0.1,0.3,.053,-3.3,-0.5,-3.8,-0.1,,princta02
418,Khaman Maluach,19,PHO,C,33,0,234,11.0,.594,.204,.315,11.5,19.6,15.4,3.0,0.4,7.0,25.5,15.0,-0.1,0.3,0.2,.045,-5.1,-0.4,-5.5,-0.2,,maluakh01
419,Chris Paul,40,LAC,PG,16,0,228,8.2,.413,.536,.036,3.2,10.9,7.1,30.8,2.4,0.0,22.0,14.2,-0.1,0.2,0.1,.015,-3.9,-0.3,-4.2,-0.1,,paulch01
420,Bronny James,21,LAL,SG,32,1,224,9.6,.506,.460,.079,2.1,5.6,3.9,22.3,2.4,0.8,17.7,15.4,0.0,0.2,0.2,.036,-2.5,-0.9,-3.4,-0.1,,jamesbr02
421,Lindy Waters III,28,SAS,SG,34,0,222,7.6,.534,.879,.015,1.5,9.0,5.3,8.1,1.1,0.4,7.0,13.6,0.1,0.2,0.3,.065,-2.4,-0.1,-2.5,0.0,,waterli01
422,Dejounte Murray,29,NOP,PG,8,8,216,22.4,.651,.349,.330,1.0,21.1,11.0,32.3,3.1,0.9,18.2,28.6,0.4,0.3,0.6,.137,3.0,1.8,4.8,0.4,,murrade01
423,PJ Hall,23,2TM,C,19,2,214,15.9,.599,.085,.492,17.5,21.7,19.6,6.6,0.7,4.3,18.2,17.3,0.3,0.3,0.5,.121,-1.6,-0.9,-2.4,0.0,,hallpj01
423,PJ Hall,23,MEM,C,7,0,27,18.9,.630,.333,.333,11.9,24.2,18.0,10.9,0.0,6.8,8.8,17.4,0.1,0.0,0.1,.161,1.8,0.1,1.9,0.0,,hallpj01
423,PJ Hall,23,CHO,C,12,2,187,15.4,.594,.040,.520,18.3,21.3,19.8,6.0,0.8,3.9,19.6,17.3,0.2,0.2,0.4,.116,-2.1,-1.0,-3.0,0.0,,hallpj01
424,Scotty Pippen Jr.,25,MEM,PG,10,6,212,14.8,.537,.333,.240,4.1,7.2,5.6,33.4,4.3,1.7,20.3,26.0,-0.1,0.3,0.2,.038,-2.5,-0.2,-2.7,0.0,,pippesc02
425,Andre Jackson Jr.,24,MIL,SG,36,0,210,4.9,.349,.567,.167,8.1,11.6,9.9,16.4,1.9,1.0,17.9,16.5,-0.4,0.1,-0.3,-0.062,-6.6,-1.6,-8.2,-0.3,,jacksan01
426,Matisse Thybulle,28,POR,SG,17,0,210,16.6,.595,.677,.161,4.5,9.4,6.9,10.5,7.5,3.4,15.3,15.1,0.2,0.5,0.7,.156,-1.4,7.6,6.1,0.4,,thybuma01
427,Joan Beringer,19,MIN,PF,31,1,209,18.1,.674,.000,.283,15.7,14.5,15.1,5.5,0.9,5.5,10.6,15.3,0.5,0.3,0.8,.184,-1.1,0.0,-1.1,0.1,,berinjo01
428,Jordan McLaughlin,29,SAS,PG,34,0,205,10.4,.514,.524,.079,2.7,9.7,6.3,15.8,3.0,0.4,15.5,15.9,0.0,0.3,0.3,.065,-2.8,1.6,-1.3,0.0,,mclaujo01
429,Garrison Mathews,29,IND,SG,15,1,196,11.4,.628,.885,.442,1.1,8.6,4.7,7.0,1.5,1.3,4.6,14.1,0.3,0.1,0.4,.100,-1.2,0.0,-1.3,0.0,,mathega01
430,Nigel Hayes-Davis,31,PHO,SF,27,0,195,4.2,.356,.348,.087,6.6,12.3,9.4,4.7,2.0,1.0,14.3,12.2,-0.3,0.2,-0.1,-0.026,-6.4,-0.9,-7.3,-0.3,,hayesni01
431,Doug McDermott,34,SAC,SF,17,0,195,6.5,.557,.968,.032,1.1,7.0,4.0,4.1,0.7,0.5,11.3,15.4,-0.1,0.0,-0.1,-0.019,-2.9,-3.0,-5.9,-0.2,,mcderdo01
432,DaRon Holmes,23,DEN,PF,19,6,194,13.0,.682,.732,.196,3.6,12.8,8.4,11.2,0.0,1.9,11.6,15.5,0.4,0.1,0.4,.109,0.9,-1.5,-0.7,0.1,,holmeda01
433,Chaz Lanier,24,DET,SG,24,0,191,8.7,.484,.769,.077,4.1,6.9,5.5,9.4,1.3,0.0,2.9,15.0,0.1,0.2,0.3,.084,-2.3,-1.2,-3.5,-0.1,,laniech01
434,Killian Hayes,24,SAC,PG,11,2,191,8.2,.418,.492,.131,1.1,13.8,7.3,28.2,1.3,1.0,13.4,16.6,-0.1,0.1,-0.1,-0.017,-4.7,-1.7,-6.4,-0.2,,hayeski01
435,Jamal Cain,26,ORL,SF,25,0,186,9.9,.576,.466,.310,5.9,9.6,7.7,6.8,1.3,1.0,12.0,17.1,0.1,0.2,0.3,.073,-3.4,-1.1,-4.5,-0.1,,cainja01
436,JD Davison,23,HOU,PG,25,0,184,9.7,.474,.519,.167,1.2,12.5,6.9,20.0,1.4,2.0,10.8,14.8,0.1,0.2,0.3,.076,-3.0,0.8,-2.3,0.0,,davisjd01
437,Zach Collins,28,CHI,C,10,0,184,18.0,.666,.328,.313,9.4,22.8,16.2,12.1,0.5,1.9,12.1,18.9,0.4,0.1,0.5,.141,1.1,-0.8,0.3,0.1,,colliza01
438,Keshad Johnson,24,MIA,SF,24,0,183,11.4,.518,.420,.304,9.5,15.2,12.3,1.5,1.8,2.9,11.3,19.5,-0.1,0.3,0.2,.055,-3.9,-0.7,-4.7,-0.1,,johnske10
439,Blake Hinson,26,UTA,SF,9,1,182,11.9,.655,.750,.100,4.1,8.5,6.3,5.4,0.3,0.5,3.1,14.7,0.3,-0.1,0.3,.070,0.4,-3.7,-3.2,-0.1,,hinsobl01
440,Obi Toppin,27,IND,PF,11,3,180,13.9,.535,.587,.333,3.5,26.2,14.4,15.0,1.6,0.0,10.4,22.6,0.0,0.2,0.2,.052,-0.8,-0.4,-1.2,0.0,,toppiob01
441,RayJ Dennis,24,3TM,PG,16,0,180,6.6,.416,.534,.123,4.7,9.4,7.0,23.1,1.1,1.9,16.3,21.6,-0.4,0.1,-0.3,-0.076,-4.1,-1.0,-5.1,-0.1,,dennira01
441,RayJ Dennis,24,IND,PG,13,0,168,6.5,.421,.528,.125,5.0,8.7,6.8,22.1,0.8,2.0,15.6,22.7,-0.4,0.1,-0.3,-0.082,-4.0,-1.4,-5.3,-0.1,,dennira01
441,RayJ Dennis,24,LAC,PG,1,0,4,-6.0,,,,0.0,56.6,29.1,0.0,0.0,0.0,100.0,11.1,0.0,0.0,0.0,-0.275,-15.3,-0.3,-15.6,0.0,,dennira01
441,RayJ Dennis,24,ATL,PG,2,0,8,13.8,.000,1.000,.000,0.0,0.0,0.0,55.6,5.9,0.0,0.0,5.2,0.0,0.0,0.0,.160,-1.8,5.5,3.8,0.0,,dennira01
442,Drew Timme,25,LAL,PF,21,0,179,14.3,.666,.373,.137,6.0,11.5,8.8,12.7,1.4,0.0,11.5,14.9,0.3,0.1,0.5,.121,0.4,-1.3,-0.9,0.1,,timmedr01
443,Oscar Tshiebwe,26,UTA,C,13,1,175,16.6,.617,.000,.222,15.3,20.9,18.0,8.9,1.9,0.6,7.5,12.6,0.4,0.1,0.5,.129,-0.3,-2.1,-2.4,0.0,,tshieos01
444,Chris Youngblood,23,OKC,SG,32,0,174,10.1,.505,.850,.167,4.5,12.6,8.7,8.2,1.1,1.7,3.0,16.5,0.1,0.3,0.4,.108,-2.6,-0.4,-3.0,0.0,,youngch01
445,Jonathan Mogbo,24,TOR,PF,28,0,163,9.8,.528,.000,.167,9.5,20.3,14.8,10.3,1.5,3.0,21.8,10.8,0.0,0.2,0.2,.071,-4.4,0.6,-3.8,-0.1,,mogbojo01
446,DeAndre Jordan,37,NOP,C,10,6,163,14.8,.693,.000,.652,13.7,28.6,21.1,6.3,0.9,4.7,23.3,9.9,0.2,0.2,0.4,.120,-1.1,0.2,-0.9,0.0,,jordade01
447,Hunter Tyson,25,DEN,PF,21,2,162,6.5,.398,.635,.250,2.9,21.4,12.6,13.2,0.6,0.6,8.0,16.9,-0.2,0.1,-0.1,-0.015,-5.2,-1.7,-6.9,-0.2,,tysonhu01
448,Leaky Black,26,WAS,SF,5,2,159,10.1,.600,.513,.154,4.6,13.5,9.0,5.9,0.6,2.2,8.8,12.0,0.2,0.0,0.2,.053,-2.2,-1.8,-4.0,-0.1,,blackle01
449,Lachlan Olbrich,22,CHI,C,25,0,156,8.6,.465,.267,.333,11.1,20.2,15.7,13.7,1.2,1.1,18.9,11.4,0.0,0.1,0.2,.048,-4.7,0.2,-4.5,-0.1,,olbrila01
450,Walker Kessler,24,UTA,C,5,5,154,20.8,.786,.216,.541,16.0,22.3,19.1,14.0,2.2,5.8,25.9,16.6,0.3,0.1,0.5,.152,1.6,1.7,3.3,0.2,,kesslwa01
451,Julian Reese,22,WAS,PF,5,4,148,12.8,.659,.000,.667,13.5,20.4,16.9,8.1,1.6,1.2,25.6,13.2,0.2,0.1,0.2,.073,-3.0,-1.7,-4.8,-0.1,,reeseju01
452,Jayson Tatum,27,BOS,PF,5,5,146,20.0,.509,.516,.129,3.0,27.4,15.4,24.5,2.1,0.0,6.6,31.3,0.2,0.3,0.4,.133,1.9,0.5,2.5,0.2,,tatumja01
453,Xavier Tillman Sr.,27,2TM,C,22,1,143,10.6,.461,.447,.000,12.6,14.4,13.5,7.4,2.1,2.1,13.6,13.3,0.0,0.2,0.2,.070,-2.9,0.1,-2.8,0.0,,tillmxa01
453,Xavier Tillman Sr.,27,BOS,C,14,1,111,11.3,.500,.484,.000,10.0,14.6,12.3,6.0,2.7,1.8,13.9,14.1,0.0,0.2,0.2,.079,-2.1,0.9,-1.2,0.0,,tillmxa01
453,Xavier Tillman Sr.,27,CHO,C,8,0,32,8.1,.286,.286,.000,21.4,13.8,17.6,12.0,0.0,2.9,12.5,10.6,0.0,0.0,0.0,.039,-5.4,-2.7,-8.1,0.0,,tillmxa01
454,Mason Plumlee,35,2TM,C,17,2,139,14.0,.743,.000,1.167,11.4,25.4,18.5,15.7,2.8,0.0,33.1,8.2,0.2,0.2,0.4,.154,-1.5,2.5,1.1,0.1,,plumlma01
454,Mason Plumlee,35,CHO,C,14,2,125,13.5,.752,.000,1.000,9.1,26.6,18.0,16.6,2.4,0.0,34.2,8.9,0.2,0.2,0.4,.136,-1.5,2.5,1.0,0.1,,plumlma01
454,Mason Plumlee,35,SAS,C,3,0,14,18.1,.568,,,31.4,15.0,23.0,8.0,6.9,0.0,0.0,2.6,0.1,0.0,0.1,.317,-0.9,2.5,1.6,0.0,,plumlma01
455,Malevy Leons,26,GSW,SF,15,1,136,12.8,.482,.316,.211,15.1,11.5,13.3,9.0,2.1,4.0,8.8,14.2,0.1,0.2,0.3,.104,-3.2,-0.3,-3.5,-0.1,,leonsma01
456,Jeff Green,39,HOU,PF,25,0,134,11.4,.543,.679,.057,4.2,11.4,7.9,4.2,0.4,0.7,1.8,17.4,0.2,0.1,0.3,.108,-0.6,-2.4,-3.0,0.0,,greenje02
457,Miles Kelly,23,DAL,PG,14,0,134,8.2,.484,.750,.023,4.0,14.7,9.5,12.0,1.4,0.6,11.9,15.8,-0.1,0.1,0.0,.018,-4.6,-0.4,-5.0,-0.1,,kellymi02
458,Kevin McCullar Jr.,24,NYK,SF,19,0,127,7.5,.470,.500,.147,7.8,13.1,10.4,19.1,2.3,0.0,24.9,16.1,-0.1,0.2,0.1,.021,-4.9,0.4,-4.5,-0.1,,mcculke01
459,Bradley Beal,32,LAC,SG,6,6,121,5.1,.476,.396,.167,2.0,2.8,2.4,12.1,1.2,0.0,14.9,22.2,-0.2,0.0,-0.2,-0.071,-6.6,-3.9,-10.5,-0.3,,bealbr01
460,Amari Williams,24,BOS,PF,19,2,120,9.6,.539,.000,.706,7.4,20.7,14.1,8.3,0.8,7.6,26.4,10.9,0.0,0.2,0.2,.073,-4.8,2.5,-2.3,0.0,,william01
461,Tyson Etienne,26,BRK,PG,13,0,120,7.5,.547,.933,.222,1.8,7.1,4.4,12.7,0.8,0.0,12.4,20.5,0.0,0.0,0.0,.005,-3.2,-2.7,-5.9,-0.1,,etienty01
462,E.J. Liddell,25,BRK,PF,15,0,116,12.0,.578,.571,.086,4.8,24.1,14.0,10.9,1.3,3.9,14.2,15.9,0.0,0.1,0.1,.055,-2.4,0.3,-2.1,0.0,,liddeej01
463,LJ Cryer,24,GSW,PG,9,0,116,13.5,.658,.837,.256,2.8,11.5,7.1,6.3,0.4,0.0,5.9,18.5,0.2,0.1,0.3,.125,0.4,-1.9,-1.5,0.0,,cryerlj01
464,Dereck Lively II,21,DAL,C,7,4,115,15.0,.670,.000,.556,13.2,20.7,17.0,14.7,1.6,8.0,30.9,11.8,0.1,0.2,0.3,.132,-3.0,3.6,0.7,0.1,,livelde01
465,Yuki Kawamura,24,CHI,PG,10,0,114,12.6,.539,.727,.409,4.8,13.8,9.4,32.3,2.5,0.0,25.7,12.9,0.1,0.1,0.2,.098,-2.4,-0.2,-2.7,0.0,,kawamyu01
466,A.J. Lawson,25,TOR,SG,14,0,110,12.1,.545,.537,.220,7.0,16.6,11.7,3.8,1.8,2.6,8.2,19.1,0.1,0.2,0.2,.093,-2.3,-0.4,-2.7,0.0,,lawsoaj01
467,Bismack Biyombo,33,SAS,C,19,1,108,4.7,.714,.000,.556,4.1,11.6,7.9,5.5,1.8,0.8,34.9,6.7,0.0,0.1,0.2,.068,-6.4,1.7,-4.7,-0.1,,biyombi01
468,Adou Thiero,21,LAL,SF,19,0,104,10.0,.551,.048,.476,8.1,14.3,11.3,7.4,2.3,1.8,16.4,12.7,0.1,0.1,0.2,.075,-4.7,0.0,-4.6,-0.1,,thierad01
469,Luke Travers,24,CLE,SG,12,0,103,10.3,.350,.444,.250,9.6,16.0,12.8,10.8,3.3,3.6,7.0,17.5,-0.1,0.2,0.1,.027,-4.2,1.0,-3.2,0.0,,travelu01
470,Alijah Martin,24,TOR,SG,16,0,102,12.5,.487,.412,.471,6.5,9.0,7.7,10.4,3.3,2.8,8.9,18.9,0.0,0.2,0.2,.083,-2.7,1.6,-1.2,0.0,,martial01
471,Nate Williams,26,GSW,SG,8,0,101,11.0,.560,.342,.237,11.8,2.2,7.1,8.7,1.0,0.0,12.5,20.1,0.1,0.0,0.1,.056,-2.5,-2.8,-5.4,-0.1,,willije02
472,Alondes Williams,26,WAS,SG,4,0,101,19.2,.745,.538,.308,5.2,21.3,13.2,16.9,1.4,2.6,14.5,14.3,0.3,0.1,0.3,.160,1.3,-0.7,0.7,0.1,,willial06
473,MarJon Beauchamp,25,PHI,SF,6,0,99,16.0,.618,.559,.324,2.2,18.1,10.0,11.7,3.4,1.9,15.3,19.6,0.1,0.1,0.2,.110,0.3,0.7,1.1,0.1,,beaucma01
474,Chaney Johnson,23,BRK,SF,5,0,97,15.5,.621,.409,.636,11.4,17.6,14.4,9.3,2.6,1.9,9.6,14.0,0.2,0.1,0.3,.144,-0.1,0.6,0.5,0.1,,johnsch06
475,Andersson Garcia,25,UTA,SF,3,1,97,5.7,.380,.500,.222,8.8,17.1,12.9,6.3,2.4,2.0,23.3,11.0,-0.1,0.1,-0.1,-0.036,-7.5,-1.8,-9.3,-0.2,,garcian01
476,Javonte Cooke,26,POR,SG,19,0,94,-0.1,.275,.561,.049,4.5,17.5,10.9,9.9,3.0,0.0,17.7,22.0,-0.5,0.1,-0.4,-0.182,-10.5,-1.3,-11.7,-0.2,,cookeja01
477,Chris Boucher,33,BOS,PF,9,0,94,7.8,.392,.600,.160,2.4,18.4,10.5,4.0,2.7,7.6,3.6,12.8,-0.1,0.2,0.1,.062,-5.8,2.7,-3.2,0.0,,bouchch01
478,Joe Ingles,38,MIN,SF,23,0,91,8.8,.607,.667,.222,0.0,9.5,4.9,26.1,3.7,0.0,44.7,8.3,0.0,0.1,0.1,.067,-3.2,2.6,-0.7,0.0,,inglejo01
479,Kobe Bufkin,22,LAL,SG,11,1,90,5.1,.397,.526,.211,1.3,10.1,5.9,7.4,1.1,3.1,8.8,22.0,-0.2,0.1,-0.2,-0.084,-7.2,-3.4,-10.6,-0.2,,bufkiko01
480,Johnny Juzang,24,MIN,SG,21,0,88,12.2,.518,.632,.211,6.4,14.7,10.7,9.7,1.1,1.0,10.7,22.3,0.0,0.1,0.1,.037,-1.6,-1.8,-3.4,0.0,,juzanjo01
481,Tolu Smith,25,DET,PF,7,0,88,16.3,.571,.000,.857,16.6,24.9,20.8,8.7,1.1,5.6,14.7,15.9,0.1,0.2,0.3,.173,-1.4,1.7,0.2,0.1,,smithto05
482,Thanasis Antetokounmpo,33,MIL,SF,27,0,86,18.2,.576,.105,1.053,11.9,12.9,12.4,6.3,5.1,5.8,12.6,16.4,0.1,0.2,0.3,.149,-1.5,2.6,1.2,0.1,,antetth01
483,Pacôme Dadiet,20,NYK,SG,23,0,86,12.8,.527,.652,.261,3.8,19.4,11.5,13.2,1.7,1.2,3.8,13.2,0.1,0.1,0.3,.148,-0.2,2.0,1.9,0.1,,dadiepa01
484,Kyle Lowry,39,PHI,PG,10,0,81,5.6,.448,1.000,.462,0.0,8.3,4.1,13.6,1.2,1.2,11.3,9.2,0.0,0.0,0.0,.030,-5.3,-1.1,-6.4,-0.1,,lowryky01
485,Tyler Burton,25,MEM,SF,3,0,78,-0.4,.282,.625,.250,5.5,14.0,9.7,3.1,1.8,1.2,15.8,16.8,-0.3,0.1,-0.2,-0.148,-10.2,-4.0,-14.2,-0.2,,burtoty01
486,Eric Gordon,37,PHI,SG,6,0,74,14.5,.754,.667,.095,1.5,1.5,1.5,5.9,2.6,1.3,12.1,14.2,0.1,0.1,0.2,.115,2.2,0.2,2.4,0.1,,gordoer01
487,Haywood Highsmith,29,PHO,SF,5,0,71,18.3,.727,.611,.333,6.1,11.3,8.6,11.7,2.8,0.0,0.0,12.4,0.3,0.1,0.4,.250,2.9,1.8,4.7,0.1,,highsha01
488,Bobi Klintman,22,DET,SF,11,0,69,3.5,.366,.500,.115,8.1,20.7,14.5,11.2,2.1,0.0,18.0,20.0,-0.2,0.1,-0.1,-0.061,-8.3,-1.2,-9.4,-0.1,,klintbo01
489,Jalen Slawson,26,IND,SF,3,1,69,7.4,.388,.667,.267,6.1,17.9,11.8,15.0,2.8,3.7,23.0,13.3,-0.1,0.1,0.0,-0.016,-5.9,0.4,-5.5,-0.1,,slawsja01
490,David Jones García,24,SAS,SF,11,0,68,21.0,.579,.200,.240,6.5,13.9,10.3,37.8,4.2,1.3,15.3,20.2,0.1,0.1,0.3,.203,2.6,3.7,6.3,0.1,,jonesda06
491,Isaiah Crawford,24,HOU,SF,11,0,67,9.3,.508,.615,.308,3.4,13.0,8.3,7.5,1.5,4.1,11.9,10.5,0.0,0.1,0.1,.079,-2.2,1.0,-1.1,0.0,,crawfis01
492,Kadary Richmond,24,WAS,SG,3,0,67,20.1,.722,.250,.188,1.6,14.5,7.9,16.8,5.7,1.3,10.4,12.0,0.2,0.1,0.3,.180,-0.9,4.1,3.2,0.1,,richmka01
493,Antonio Reeves,25,CHO,SG,9,0,66,12.3,.675,.650,.000,3.5,10.1,6.8,4.4,0.7,0.0,4.8,13.4,0.1,0.0,0.2,.118,1.0,-0.2,0.8,0.0,,reevean01
494,Bez Mbeng,22,UTA,SG,2,0,66,3.3,.300,.400,.000,6.5,5.0,5.8,12.9,2.9,3.0,37.5,10.0,-0.2,0.0,-0.1,-0.091,-8.3,-0.8,-9.1,-0.1,,mbengbe01
495,Monte Morris,30,IND,PG,6,0,65,7.0,.414,.400,.200,1.6,10.4,5.8,19.1,0.7,1.3,8.4,15.5,-0.1,0.0,0.0,-0.026,-4.5,-1.5,-6.0,-0.1,,morrimo01
496,Drew Peterson,26,CHO,PF,6,0,64,0.6,.148,.750,.125,5.4,10.4,7.9,3.8,2.3,1.4,0.0,11.1,-0.2,0.1,-0.1,-0.083,-8.3,-1.6,-10.0,-0.1,,peterdr01
497,Trey Jemison,26,NYK,C,11,0,61,6.4,.605,.000,.143,14.4,14.6,14.5,6.0,0.8,3.3,44.6,9.4,0.0,0.1,0.0,.030,-7.2,-0.3,-7.5,-0.1,,jemistr01
498,James Wiseman,24,IND,C,4,1,58,4.1,.597,.000,.200,9.0,5.8,7.5,7.1,0.0,1.5,31.5,11.6,0.0,0.0,0.0,-0.027,-8.0,-1.0,-9.0,-0.1,,wisemja01
499,Patrick Baldwin Jr.,23,3TM,SF,7,0,58,10.5,.510,.563,.375,11.2,13.7,12.5,4.4,1.7,4.7,13.9,16.0,0.0,0.0,0.0,.014,-4.3,-1.3,-5.6,-0.1,,baldwpa01
499,Patrick Baldwin Jr.,23,LAC,SF,2,0,12,23.7,1.025,.750,.500,0.0,9.4,4.9,0.0,0.0,0.0,17.0,21.7,0.1,0.0,0.1,.212,5.2,-0.4,4.8,0.0,,baldwpa01
499,Patrick Baldwin Jr.,23,PHI,SF,1,0,2,6.3,,,,0.0,56.1,27.6,0.0,0.0,0.0,,0.0,0.0,0.0,0.0,.084,-5.1,-3.0,-8.1,0.0,,baldwpa01
499,Patrick Baldwin Jr.,23,SAC,SF,4,0,44,7.1,.327,.500,.333,14.8,13.0,13.9,5.7,2.2,6.2,12.7,15.2,-0.1,0.0,0.0,-0.043,-6.9,-1.5,-8.4,-0.1,,baldwpa01
500,Caleb Houstan,23,ATL,SF,13,0,57,9.6,.705,.800,.200,7.5,3.8,5.7,4.5,0.8,1.6,19.7,14.9,0.1,0.0,0.1,.072,-2.3,-2.2,-4.5,0.0,,houstca01
501,Johni Broome,23,PHI,C,11,0,55,0.4,.188,.208,.250,13.8,18.3,16.0,9.3,2.6,3.4,10.1,22.8,-0.3,0.1,-0.2,-0.213,-11.8,-4.4,-16.2,-0.2,,broomjo01
502,Cody Martin,30,IND,SF,4,0,55,3.0,.277,.500,.600,1.9,26.5,13.8,4.6,3.5,3.1,24.0,12.8,-0.2,0.1,-0.1,-0.101,-10.0,2.1,-7.9,-0.1,,martico01
503,Wendell Moore Jr.,24,DET,SG,5,0,54,10.0,.635,.143,.286,2.1,10.2,6.2,6.8,1.8,3.7,11.3,6.8,0.1,0.1,0.1,.116,-2.5,1.8,-0.7,0.0,,moorewe01
504,Nikola Topić,20,OKC,PG,5,0,53,1.9,.500,.313,.000,4.2,11.8,8.2,25.1,0.0,0.0,40.7,22.1,-0.2,0.1,-0.1,-0.136,-8.2,-3.1,-11.3,-0.1,,topicni01
505,TyTy Washington Jr.,24,LAC,PG,9,0,52,18.0,.679,.500,.000,2.3,2.2,2.2,31.2,3.8,3.6,17.6,14.5,0.1,0.1,0.2,.169,2.9,2.9,5.7,0.1,,washity02
506,Seth Curry,35,GSW,SG,4,0,51,21.9,.737,.412,.176,6.3,6.6,6.5,20.9,1.9,0.0,0.0,15.2,0.2,0.0,0.3,.265,4.9,1.4,6.4,0.1,,curryse01
507,Lawson Lovering,22,MEM,C,2,1,49,13.7,.574,.000,.500,13.1,20.0,16.6,8.2,2.9,1.9,14.1,12.0,0.1,0.1,0.1,.115,-3.6,-0.1,-3.7,0.0,,loverla01
508,Keshon Gilbert,22,WAS,PG,3,0,48,4.5,.521,.500,1.000,4.4,6.7,5.5,7.4,2.0,7.4,51.0,10.2,-0.1,0.0,-0.1,-0.086,-6.3,-0.4,-6.7,-0.1,,gilbeke01
509,Jahmir Young,25,MIA,PG,10,0,47,5.9,.416,.350,.050,4.3,4.4,4.4,16.9,1.0,0.0,8.9,19.3,-0.1,0.0,0.0,-0.018,-6.8,-1.7,-8.6,-0.1,,youngja05
510,John Poulakidas,22,DAL,SG,3,0,47,6.0,.500,.769,.000,2.3,19.8,11.2,5.6,2.0,0.0,13.3,13.4,0.0,0.1,0.0,.017,-7.5,-0.2,-7.7,-0.1,,poulajo01
511,DeJon Jarreau,28,MEM,SG,2,0,47,7.4,.468,.300,.400,6.9,20.9,13.8,24.5,1.0,0.0,29.8,14.8,0.0,0.0,0.0,-0.007,-6.1,-1.4,-7.5,-0.1,,jarrede01
512,Mac McClung,27,2TM,SG,4,0,47,8.5,.430,.480,.160,0.0,11.8,5.7,6.3,5.1,3.7,10.1,26.7,-0.2,0.1,-0.1,-0.085,-8.3,2.9,-5.3,0.0,,mccluma01
512,Mac McClung,27,IND,SG,3,0,34,12.9,.481,.556,.222,0.0,13.2,6.4,4.7,7.0,2.5,9.2,27.1,-0.1,0.1,0.0,-0.011,-5.6,6.1,0.5,0.0,,mccluma01
512,Mac McClung,27,CHI,SG,1,0,13,-3.2,.286,.286,.000,0.0,8.1,4.1,10.6,0.0,6.7,12.5,25.9,-0.1,0.0,-0.1,-0.279,-15.2,-5.4,-20.6,-0.1,,mccluma01
513,Garrett Temple,39,TOR,SG,16,0,46,3.7,.329,.750,.750,2.4,9.9,6.1,10.2,3.2,2.1,22.0,12.7,-0.1,0.1,0.0,-0.042,-7.6,1.2,-6.4,-0.1,,templga01
514,Mo Bamba,27,2TM,C,4,0,44,13.1,.455,.000,.000,24.4,30.3,27.3,3.1,0.0,6.7,15.4,12.3,0.0,0.0,0.1,.058,-4.5,-3.8,-8.3,-0.1,,bambamo01
514,Mo Bamba,27,TOR,C,2,0,6,-2.8,.000,.000,.000,18.4,19.0,18.7,0.0,0.0,16.1,0.0,14.3,0.0,0.0,0.0,-0.161,-18.9,-2.7,-21.5,0.0,,bambamo01
514,Mo Bamba,27,UTA,C,2,0,38,15.6,.556,.000,.000,25.4,32.1,28.7,3.6,0.0,5.2,18.2,12.0,0.0,0.0,0.1,.093,-2.3,-4.0,-6.2,0.0,,bambamo01
515,Isaiah Stevens,25,SAC,PG,3,0,43,16.5,.571,.143,.571,5.0,2.7,3.9,29.4,5.6,0.0,18.6,10.6,0.1,0.0,0.1,.135,-1.3,3.3,2.0,0.0,,steveis01
516,Trey Alexander,22,NOP,SG,5,0,42,13.5,.778,.333,.000,0.0,10.3,5.1,16.3,1.1,2.3,10.0,9.9,0.1,0.0,0.1,.132,0.4,0.2,0.6,0.0,,alexatr01
517,Dario Šarić,31,SAC,C,5,0,41,0.7,.363,.500,.333,2.6,13.9,8.1,5.8,0.0,0.0,22.5,9.2,-0.1,0.0,-0.1,-0.078,-6.7,-2.2,-9.0,-0.1,,saricda01
518,Malachi Smith,26,BRK,SG,2,0,41,1.5,.306,.182,.091,8.1,11.9,9.9,17.3,1.2,4.5,34.4,18.5,-0.2,0.0,-0.2,-0.198,-8.5,-1.4,-9.9,-0.1,,smithma02
519,Skal Labissière,29,WAS,PF,3,0,38,16.4,.650,.500,.000,8.3,17.0,12.6,11.2,2.5,2.3,9.1,12.1,0.1,0.0,0.1,.124,-0.1,0.3,0.2,0.0,,labissk01
520,Charles Bassey,25,2TM,C,3,0,36,13.9,.436,.000,.333,20.9,24.2,22.5,7.2,1.3,5.2,8.8,13.1,0.0,0.0,0.1,.093,-2.2,-0.7,-2.9,0.0,,bassech01
520,Charles Bassey,25,MEM,C,2,0,31,12.7,.376,.000,.375,24.2,28.1,26.2,8.4,1.5,3.0,9.7,13.8,0.0,0.0,0.0,.077,-3.0,-1.4,-4.5,0.0,,bassech01
520,Charles Bassey,25,PHI,C,1,0,5,21.4,1.000,.000,.000,0.0,0.0,0.0,0.0,0.0,18.8,0.0,8.5,0.0,0.0,0.0,.192,2.8,4.1,6.9,0.0,,bassech01
521,Grant Nelson,23,BRK,PF,4,0,35,17.7,.634,.000,1.111,3.2,17.4,9.9,22.4,1.4,13.1,23.0,21.6,0.0,0.1,0.1,.100,-2.4,4.7,2.2,0.0,,nelsogr02
522,Tristan Enaruna,24,CLE,SF,6,0,34,9.8,.395,.313,.063,16.1,13.0,14.5,12.3,1.4,0.0,10.8,22.8,-0.1,0.0,0.0,-0.031,-4.5,-3.4,-7.9,-0.1,,enarutr01
523,Emanuel Miller,25,CHI,PF,5,0,33,15.2,.540,.462,.154,3.3,6.4,4.9,17.4,2.9,0.0,0.0,17.7,0.1,0.0,0.1,.115,1.7,1.0,2.6,0.0,,milleem01
524,Jahmyl Telfort,24,LAC,PF,8,0,32,-5.3,.087,1.000,1.000,0.0,10.6,5.5,3.8,1.6,0.0,14.8,9.4,-0.1,0.0,-0.1,-0.165,-12.1,-1.8,-13.9,-0.1,,telfoja01
525,Curtis Jones,24,DEN,SG,6,0,31,1.4,.321,.643,.000,3.8,14.0,9.1,12.9,0.0,0.0,6.7,21.1,-0.1,0.0,-0.1,-0.139,-9.8,-5.7,-15.5,-0.1,,jonescu01
526,Hunter Sallis,22,PHI,SG,7,0,26,2.1,.595,.000,.400,0.0,4.3,2.1,20.9,0.0,3.6,46.0,17.7,-0.1,0.0,-0.1,-0.150,-7.7,-2.9,-10.6,-0.1,,sallihu01
527,Mark Sears,23,MIL,PG,7,0,26,15.3,.666,.615,.615,4.4,4.3,4.3,12.4,0.0,0.0,19.5,34.9,0.0,0.0,0.0,.018,2.3,-4.6,-2.3,0.0,,searsma01
528,Chris Mañon,24,LAL,SG,6,0,25,9.2,.347,1.000,1.000,4.8,22.8,14.1,4.6,5.9,7.5,25.8,6.8,0.0,0.1,0.0,.083,-6.4,5.8,-0.6,0.0,,manonch01
529,Orlando Robinson,25,ORL,C,4,1,25,14.7,.700,.400,.000,8.8,8.9,8.9,16.5,1.9,0.0,0.0,8.5,0.1,0.0,0.1,.199,0.7,0.6,1.3,0.0,,robinor01
530,Dalano Banton,26,2TM,PG,5,0,25,12.7,.506,.000,.222,4.8,0.0,2.3,24.9,2.0,4.1,16.8,20.8,0.0,0.0,0.0,.032,-4.4,-0.7,-5.1,0.0,,bantoda01
530,Dalano Banton,26,LAC,PG,2,0,10,27.9,.750,.000,.000,12.0,0.0,5.8,37.6,5.0,0.0,20.0,22.2,0.0,0.0,0.0,.226,7.3,5.1,12.4,0.0,,bantoda01
530,Dalano Banton,26,BOS,PG,3,0,15,2.5,.340,.000,.400,0.0,0.0,0.0,16.5,0.0,6.8,14.5,19.9,0.0,0.0,0.0,-0.098,-12.2,-4.6,-16.8,-0.1,,bantoda01
531,Dillon Jones,24,NYK,SF,5,0,24,16.9,.518,.600,.800,9.1,18.5,13.8,19.8,4.1,0.0,0.0,12.0,0.1,0.0,0.1,.254,-1.1,4.7,3.6,0.0,,jonesdi01
532,Isaac Jones,25,2TM,PF,5,1,24,9.4,.595,.400,.400,9.0,9.1,9.3,5.2,0.0,0.0,0.0,10.3,0.0,0.0,0.0,.091,-4.2,-1.7,-5.9,0.0,,jonesis01
532,Isaac Jones,25,SAC,PF,3,1,17,5.7,.521,.500,1.000,12.7,0.0,6.5,7.3,0.0,0.0,0.0,7.2,0.0,0.0,0.0,.062,-6.3,-1.8,-8.1,0.0,,jonesis01
532,Isaac Jones,25,DET,PF,2,0,7,18.5,.667,.333,.000,0.0,31.3,15.8,0.0,0.0,0.0,0.0,17.7,0.0,0.0,0.0,.163,1.0,-1.5,-0.6,0.0,,jonesis01
533,Koby Brea,23,PHO,SG,5,0,23,25.4,.810,.778,.222,0.0,10.0,4.8,20.7,0.0,0.0,0.0,18.3,0.1,0.0,0.2,.322,11.3,-0.5,10.8,0.1,,breako01
534,Max Strus,29,CLE,SF,1,0,23,39.0,1.115,.778,.444,14.3,23.9,19.1,7.3,0.0,0.0,8.5,21.5,0.2,0.0,0.2,.423,17.5,0.9,18.4,0.1,,strusma01
535,Brandon Clarke,29,MEM,PF,2,2,20,12.3,.372,.000,.444,21.5,10.9,16.2,7.0,4.7,0.0,0.0,22.3,0.0,0.0,0.0,.051,-4.7,-0.1,-4.8,0.0,,clarkbr01
536,Taj Gibson,40,MEM,C,2,0,20,7.4,.357,.286,.000,10.7,16.4,13.5,0.0,2.4,4.6,0.0,14.5,0.0,0.0,0.0,.010,-5.7,-3.3,-9.0,0.0,,gibsota01
537,Riley Minix,25,2TM,SF,5,0,19,27.2,.722,.444,.000,11.5,17.1,14.3,28.2,2.5,0.0,10.0,22.1,0.1,0.0,0.1,.244,6.8,2.9,9.7,0.1,,minixri01
537,Riley Minix,25,SAS,SF,3,0,8,44.9,.750,.500,.000,13.7,13.1,13.4,31.9,6.0,0.0,0.0,31.6,0.1,0.0,0.1,.428,18.0,7.3,25.3,0.1,,minixri01
537,Riley Minix,25,CLE,SF,2,0,11,14.3,.667,.333,.000,9.9,20.0,15.0,25.4,0.0,0.0,25.0,15.3,0.0,0.0,0.0,.110,-1.4,-0.3,-1.7,0.0,,minixri01
538,Harrison Ingram,23,SAS,SF,5,0,17,23.0,.900,.200,.000,19.4,0.0,9.5,9.0,0.0,0.0,0.0,12.4,0.1,0.0,0.1,.295,7.9,-0.6,7.2,0.0,,ingraha01
539,Jacob Toppin,25,ATL,SF,5,0,17,15.1,.667,.000,.000,0.0,6.4,3.2,8.9,0.0,5.3,0.0,14.7,0.0,0.0,0.0,.125,-0.2,0.5,0.3,0.0,,toppija01
540,Chris Livingston,22,CLE,SF,3,0,17,15.4,.605,.429,.143,0.0,19.4,9.7,8.9,2.8,0.0,0.0,18.4,0.0,0.0,0.1,.168,-4.7,2.0,-2.8,0.0,,livinch01
541,Rocco Zikarsky,19,MIN,C,4,0,16,21.2,.600,.000,.000,14.1,20.3,17.3,0.0,0.0,16.5,0.0,13.2,0.0,0.0,0.1,.195,1.7,0.5,2.2,0.0,,zikarro01
542,Buddy Boeheim,26,OKC,SF,4,0,15,4.7,.500,1.000,.000,0.0,0.0,0.0,0.0,0.0,0.0,0.0,17.3,0.0,0.0,0.0,.010,-3.8,-4.6,-8.4,0.0,,boehebu01
543,N'Faly Dante,24,ATL,C,4,0,15,12.4,.338,.000,.250,21.2,29.1,25.1,0.0,6.3,0.0,18.4,15.1,0.0,0.0,0.0,.048,-3.8,-0.9,-4.7,0.0,,nfalyda01
544,Omer Yurtseven,27,GSW,C,2,0,15,-1.4,.258,.333,.667,7.2,22.3,14.6,7.8,0.0,0.0,20.5,13.8,0.0,0.0,0.0,-0.100,-12.4,-4.1,-16.5,-0.1,,yurtsom01
545,Norchad Omier,24,LAC,PF,3,0,14,28.9,.800,.200,.000,17.1,16.2,16.6,13.1,3.6,0.0,0.0,15.8,0.1,0.0,0.1,.329,4.2,0.4,4.6,0.0,,omierno01
546,Chucky Hepburn,22,TOR,PG,2,0,13,-13.5,.000,.833,.000,0.0,8.8,4.3,17.6,3.8,0.0,14.3,23.1,-0.1,0.0,-0.1,-0.442,-20.7,-3.2,-23.9,-0.1,,hepbuch01
547,Vladislav Goldin,24,MIA,C,4,0,12,14.1,.667,.000,.000,8.5,25.8,17.1,22.6,0.0,7.5,25.0,13.5,0.0,0.0,0.0,.142,-5.0,5.8,0.8,0.0,,goldivl01
548,David Roddy,24,DEN,PF,2,0,12,10.1,.258,1.000,.667,9.8,27.1,18.8,18.9,4.1,0.0,0.0,14.1,0.0,0.0,0.0,.062,-5.1,1.1,-4.0,0.0,,roddyda01
549,John Tonje,24,BOS,SG,3,0,11,4.3,.347,1.000,1.000,0.0,19.6,10.0,10.4,0.0,0.0,0.0,11.4,0.0,0.0,0.0,.036,-11.2,-2.1,-13.2,0.0,,tonjejo01
550,Tyler Smith,21,DAL,PF,2,0,11,-9.9,.218,.833,.333,0.0,18.8,9.6,0.0,4.3,0.0,22.5,33.9,-0.1,0.0,-0.1,-0.517,-19.1,-5.3,-24.4,-0.1,,smithty02
551,Tosan Evbuomwan,24,NYK,SF,5,0,8,-0.3,.000,.000,.000,13.7,13.9,13.8,0.0,0.0,0.0,0.0,5.3,0.0,0.0,0.0,-0.024,-8.5,-3.0,-11.6,0.0,,evbuoto01
552,Enrique Freeman,25,MIN,PF,2,0,8,9.1,,,,0.0,40.5,20.7,0.0,0.0,11.0,,0.0,0.0,0.0,0.0,.104,-1.2,3.5,2.3,0.0,,freemen01
553,Stanley Umude,26,SAS,SG,2,0,7,11.6,.500,.500,.000,0.0,0.0,0.0,19.1,6.9,0.0,0.0,12.0,0.0,0.0,0.0,.162,-6.6,6.9,0.3,0.0,,umudest01
554,Colby Jones,23,DET,SG,1,0,7,13.1,.333,.667,.000,0.0,62.7,31.7,38.0,0.0,0.0,0.0,17.7,0.0,0.0,0.0,.123,-3.2,5.5,2.4,0.0,,jonesco02
555,Max Shulga,23,BOS,SG,4,0,6,-11.4,.000,.000,.000,0.0,0.0,0.0,0.0,0.0,0.0,0.0,7.2,0.0,0.0,0.0,-0.152,-19.6,-2.5,-22.1,0.0,,shulgma01
556,Noa Essengue,19,CHI,PF,2,0,6,-12.0,.000,.667,.000,0.0,0.0,0.0,0.0,7.9,0.0,0.0,21.0,-0.1,0.0,-0.1,-0.418,-20.6,-3.0,-23.6,0.0,,essenno01
557,Trentyn Flowers,20,CHI,SF,2,0,6,16.8,.667,.333,.000,18.1,0.0,8.9,30.7,0.0,0.0,25.0,28.0,0.0,0.0,0.0,.026,1.9,-2.7,-0.9,0.0,,flowetr01
558,Sean Pedulla,23,LAC,PG,1,0,6,43.9,.750,1.000,.000,0.0,18.9,9.7,100.0,0.0,0.0,0.0,29.5,0.1,0.0,0.1,.692,18.9,-3.8,15.1,0.0,,pedulse01
559,Trevor Keels,22,MIA,SG,4,0,5,-22.6,.000,.750,.000,0.0,41.2,20.5,0.0,0.0,0.0,0.0,32.4,-0.1,0.0,-0.1,-0.687,-28.5,-11.4,-39.9,0.0,,keelstr01
560,Hunter Dickinson,25,NOP,C,1,0,5,-11.0,.500,.000,.000,0.0,0.0,0.0,0.0,0.0,19.1,50.0,33.3,-0.1,0.0,-0.1,-0.519,-27.0,1.0,-26.0,0.0,,dickihu01
561,Darius Brown II,26,CLE,SG,1,0,3,-7.7,.000,.000,.000,0.0,36.7,18.3,0.0,0.0,0.0,0.0,14.0,0.0,0.0,0.0,-0.265,-16.2,-2.4,-18.7,0.0,,brownda04
562,Jayson Kent,23,POR,SF,1,0,3,27.2,1.000,.000,.000,0.0,36.5,17.9,0.0,0.0,0.0,0.0,13.5,0.0,0.0,0.0,.240,6.1,2.9,9.0,0.0,,kentja01
,League Average,,,,,,,,.579,.415,.265,5.2,14.8,10.0,16.2,1.7,1.9,12.2,19.9,,,,,,,,,,-9999